,StatID,TeamID,PlayerID,SeasonType,Season,PlayerName,AbbreviatedTeamName,Position,Started,FanDuelSalary,DraftKingsSalary,FantasyDataSalary,YahooSalary,InjuryStatus,InjuryBodyPart,InjuryStartDate,InjuryNotes,FanDuelPosition,DraftKingsPosition,YahooPosition,OpponentRank,OpponentPositionRank,GlobalTeamID,FantasyDraftPosition,GameID,OpponentID,Opponent,Day,DateTime,HomeOrAway,IsGameOver,GlobalGameID,GlobalOpponentID,Updated,DidPlayerPlay,FantasyPoints,Minutes,Seconds,FieldGoalsMade,FieldGoalsAttempted,FieldGoalsPercentage,EffectiveFieldGoalsPercentage,TwoPointersMade,TwoPointersAttempted,TwoPointersPercentage,ThreePointersMade,ThreePointersAttempted,ThreePointersPercentage,FreeThrowsMade,FreeThrowsAttempted,FreeThrowsPercentage,OffensiveRebounds,DefensiveRebounds,Rebounds,OffensiveReboundsPercentage,DefensiveReboundsPercentage,TotalReboundsPercentage,Assists,Steals,BlockedShots,Turnovers,PersonalFouls,Points,TrueShootingAttempts,TrueShootingPercentage,PlayerEfficiencyRating,AssistsPercentage,StealsPercentage,BlocksPercentage,TurnOversPercentage,UsageRatePercentage,FantasyPointsFanDuel,FantasyPointsDraftKings,FantasyPointsYahoo,PlusMinus,DoubleDoubles,TripleDoubles,FantasyPointsFantasyDraft,IsClosed,LineupConfirmed,LineupStatus
0,1250356,15,20000497,1,2024,Giannis Antetokounmpo,MIL,PF,0,5674,18966,18966,97.0,Scrambled,Scrambled,2024-04-10T00:00:00,Scrambled,PF,PF/C,PF,23,19,20000015,Scrambled,20738,18,OKC,2024-04-12T00:00:00,2024-04-12T20:00:00,AWAY,True,20020738,20000018,2024-04-12T22:32:39,0,0.0,0,0,0.0,0.0,0.0,0.0,0.0,0.0,0.0,0.0,0.0,0.0,0.0,0.0,0.0,0.0,0.0,0.0,0.0,0.0,0.0,0.0,0.0,0.0,0.0,0.0,0.0,0.0,0.0,0.0,0.0,0.0,0.0,0.0,0.0,0.0,0.0,0.0,0.0,0.0,0.0,0.0,True,True,Scrambled
1,1247589,15,20000497,1,2024,Giannis Antetokounmpo,MIL,PF,1,19452,18966,18966,97.0,Scrambled,Scrambled,,Scrambled,PF,PF/C,PF,11,8,20000015,Scrambled,20707,9,BOS,2024-04-09T00:00:00,2024-04-09T19:30:00,HOME,True,20020707,20000009,2024-04-12T04:00:10,1,60.1,45,58,11.3,17.8,103.1,103.1,11.3,17.8,103.1,0.0,0.0,0.0,2.6,5.3,81.0,7.9,13.1,13.0,22.7,26.6,25.0,11.3,2.6,5.3,10.5,2.6,24.3,19.3,101.3,45.6,60.9,5.0,13.3,40.8,44.1,65.0,64.0,65.0,27.6,0.0,0.0,64.0,True,True,Scrambled
2,1246417,15,20000497,1,2024,Giannis Antetokounmpo,MIL,PF,1,19614,19128,19128,97.0,Scrambled,Scrambled,,Scrambled,PF,PF/C,PF,8,16,20000015,Scrambled,20698,6,NY,2024-04-07T00:00:00,2024-04-07T19:00:00,HOME,True,20020698,20000006,2024-04-10T04:00:09,1,97.3,62,52,16.2,32.4,81.0,81.0,16.2,30.8,85.3,0.0,2.6,0.0,13.0,17.8,117.8,7.9,19.5,24.3,16.4,57.7,38.3,13.0,2.6,5.3,10.5,5.3,45.4,40.3,90.8,52.0,71.6,3.6,10.4,22.5,56.5,102.1,104.1,102.1,-8.1,2.6,0.0,104.1,True,True,Scrambled
3,1242061,15,20000497,1,2024,Giannis Antetokounmpo,MIL,PF,1,19452,19128,19128,96.0,Scrambled,Scrambled,,Scrambled,PF,PF/C,PF,34,37,20000015,Scrambled,20666,21,MEM,2024-04-03T00:00:00,2024-04-03T20:00:00,HOME,True,20020666,20000021,2024-04-06T04:00:10,1,81.7,52,19,16.2,37.3,70.5,70.5,16.2,30.8,85.3,0.0,10.5,0.0,2.6,7.9,54.0,2.6,15.8,11.3,7.3,32.9,17.2,13.0,2.6,13.1,7.9,10.5,34.0,39.4,69.5,39.3,83.7,4.2,17.8,17.8,59.3,91.4,84.7,91.4,7.9,0.0,0.0,84.7,True,True,Scrambled
4,1240461,15,20000497,1,2024,Giannis Antetokounmpo,MIL,PF,1,19614,18642,18642,96.0,Scrambled,Scrambled,,Scrambled,PF,PF/C,PF,49,41,20000015,Scrambled,20654,1,WAS,2024-04-02T00:00:00,2024-04-02T19:00:00,AWAY,True,20020654,20000001,2024-04-05T04:00:10,1,107.0,58,31,24.3,34.0,115.7,115.7,24.3,34.0,115.7,0.0,0.0,0.0,13.1,14.6,90.1,7.9,19.5,24.3,11.3,58.4,31.8,16.2,0.0,0.0,5.3,5.3,56.7,40.5,113.5,76.1,85.1,0.0,0.0,12.0,47.0,107.0,117.1,107.0,5.3,2.6,2.6,114.7,True,True,Scrambled
5,1237436,15,20000497,1,2024,Giannis Antetokounmpo,MIL,PF,1,19452,17831,17831,96.0,Scrambled,Scrambled,,Scrambled,PF,PF/C,PF,44,47,20000015,Scrambled,20635,3,ATL,2024-03-30T00:00:00,2024-03-30T19:30:00,AWAY,True,20020635,20000003,2024-04-02T04:00:09,1,117.0,60,66,19.5,35.7,88.3,88.3,19.5,34.0,92.6,0.0,2.6,0.0,19.5,25.9,121.6,10.5,19.5,25.9,22.9,57.6,41.8,13.0,7.9,2.6,7.9,5.3,58.4,47.1,100.7,74.7,59.6,10.3,5.9,15.2,64.0,123.5,123.2,123.5,13.0,2.6,0.0,123.2,True,True,Scrambled
6,1235323,15,20000497,1,2024,Giannis Antetokounmpo,MIL,PF,1,19128,17993,17993,96.0,Scrambled,Scrambled,,Scrambled,PF,PF/C,PF,11,8,20000015,Scrambled,20620,23,NO,2024-03-28T00:00:00,2024-03-28T20:00:00,AWAY,True,20020620,20000023,2024-03-31T04:00:12,1,90.5,63,18,24.3,35.7,110.6,110.6,24.3,32.4,121.6,0.0,5.3,0.0,13.1,17.8,73.8,7.9,17.8,22.7,14.2,42.0,29.6,10.5,0.0,0.0,5.3,13.1,56.7,43.5,105.0,55.9,40.5,0.0,0.0,11.2,54.9,90.5,95.6,90.5,-3.2,2.6,0.0,95.6,True,True,Scrambled
7,1233201,15,20000497,1,2024,Giannis Antetokounmpo,MIL,PF,1,18966,18317,18317,96.0,Scrambled,Scrambled,,Scrambled,PF,PF/C,PF,41,36,20000015,Scrambled,20604,27,LAL,2024-03-26T00:00:00,2024-03-26T19:30:00,HOME,True,20020604,20000027,2024-03-29T04:00:10,1,119.5,75,41,22.7,40.5,90.8,90.8,22.7,38.9,94.5,0.0,2.6,0.0,2.6,15.8,27.1,13.0,21.1,34.0,22.5,41.3,31.3,17.8,5.3,7.9,11.3,7.9,47.0,44.8,85.4,48.9,66.2,5.2,14.7,32.7,47.8,127.6,134.1,127.6,-21.1,2.6,2.6,131.7,True,True,Scrambled
8,1230691,15,20000497,1,2024,Giannis Antetokounmpo,MIL,PF,1,18804,18479,18479,96.0,Scrambled,Scrambled,,Scrambled,PF,PF/C,PF,18,16,20000015,Scrambled,20573,18,OKC,2024-03-24T00:00:00,2024-03-24T19:00:00,HOME,True,20020573,20000018,2024-03-27T04:00:08,1,93.7,53,63,21.1,29.2,117.0,117.0,21.1,29.2,117.0,0.0,0.0,0.0,10.5,15.8,108.1,13.0,17.8,30.8,44.0,48.9,46.7,10.5,0.0,2.6,7.9,7.9,48.6,33.5,118.7,72.6,30.4,0.0,8.1,20.6,47.9,95.3,100.1,95.3,11.3,2.6,0.0,100.1,True,True,Scrambled
9,1227869,15,20000497,1,2024,Giannis Antetokounmpo,MIL,PF,1,18966,18479,18479,96.0,Scrambled,Scrambled,,Scrambled,PF,PF/C,PF,21,16,20000015,Scrambled,20550,8,BKN,2024-03-21T00:00:00,2024-03-21T20:00:00,HOME,True,20020550,20000008,2024-03-24T04:00:10,1,66.9,55,89,14.6,30.8,76.8,85.3,13.0,27.6,76.3,2.6,5.3,81.0,5.3,10.5,81.0,7.9,15.8,14.6,14.8,30.4,22.5,13.1,0.0,5.3,5.3,7.9,34.0,33.7,81.0,36.4,36.4,0.0,15.0,14.2,47.1,70.2,70.1,70.2,13.1,0.0,0.0,70.1,True,True,Scrambled
10,1226657,15,20000497,1,2024,Giannis Antetokounmpo,MIL,PF,0,19128,18479,18479,96.0,Scrambled,Scrambled,2024-03-16T00:00:00,Scrambled,PF,PF/C,PF,11,11,20000015,Scrambled,20541,9,BOS,2024-03-20T00:00:00,2024-03-20T19:30:00,AWAY,True,20020541,20000009,2024-03-20T22:18:05,0,0.0,0,0,0.0,0.0,0.0,0.0,0.0,0.0,0.0,0.0,0.0,0.0,0.0,0.0,0.0,0.0,0.0,0.0,0.0,0.0,0.0,0.0,0.0,0.0,0.0,0.0,0.0,0.0,0.0,0.0,0.0,0.0,0.0,0.0,0.0,0.0,0.0,0.0,0.0,0.0,0.0,0.0,True,True,Scrambled
11,1223621,15,20000497,1,2024,Giannis Antetokounmpo,MIL,PF,0,19128,18479,18479,96.0,Scrambled,Scrambled,2024-03-16T00:00:00,Scrambled,PF,PF/C,PF,23,11,20000015,Scrambled,20519,29,PHO,2024-03-17T00:00:00,2024-03-17T13:00:00,HOME,True,20020519,20000029,2024-03-17T15:30:05,0,0.0,0,0,0.0,0.0,0.0,0.0,0.0,0.0,0.0,0.0,0.0,0.0,0.0,0.0,0.0,0.0,0.0,0.0,0.0,0.0,0.0,0.0,0.0,0.0,0.0,0.0,0.0,0.0,0.0,0.0,0.0,0.0,0.0,0.0,0.0,0.0,0.0,0.0,0.0,0.0,0.0,0.0,True,True,Scrambled
12,1220446,15,20000497,1,2024,Giannis Antetokounmpo,MIL,PF,1,19128,18479,18479,96.0,Scrambled,Scrambled,,Scrambled,PF,PF/C,PF,18,32,20000015,Scrambled,20501,7,PHI,2024-03-14T00:00:00,2024-03-14T20:00:00,HOME,True,20020501,20000007,2024-03-17T04:00:09,1,82.2,58,91,14.6,19.5,121.6,121.6,14.6,19.5,121.6,0.0,0.0,0.0,22.7,29.2,126.1,10.5,11.3,17.8,28.1,39.8,34.6,11.3,2.6,0.0,11.3,10.5,51.9,32.3,129.7,58.9,54.0,3.8,0.0,42.1,58.7,83.8,91.2,83.8,-6.5,2.6,0.0,91.2,True,True,Scrambled
13,1218511,15,20000497,1,2024,Giannis Antetokounmpo,MIL,PF,1,19290,18642,18642,96.0,Scrambled,Scrambled,,Scrambled,PF,PF/C,PF,29,31,20000015,Scrambled,20488,30,SAC,2024-03-12T00:00:00,2024-03-12T22:00:00,AWAY,True,20020488,20000030,2024-03-15T04:00:09,1,80.4,52,86,16.2,27.6,95.3,95.3,16.2,24.3,108.1,0.0,5.3,0.0,16.2,22.7,115.7,2.6,19.5,21.1,7.0,71.0,32.4,10.5,2.6,0.0,10.5,7.9,48.6,37.5,105.7,54.9,61.4,3.9,0.0,23.9,58.2,82.0,87.1,82.0,-29.2,2.6,0.0,87.1,True,True,Scrambled
14,1216380,15,20000497,1,2024,Giannis Antetokounmpo,MIL,PF,1,19290,20100,20100,96.0,Scrambled,Scrambled,,Scrambled,PF,PF/C,PF,15,11,20000015,Scrambled,20467,28,LAC,2024-03-10T00:00:00,2024-03-10T15:00:00,AWAY,True,20020467,20000028,2024-03-13T04:00:09,1,94.7,62,60,19.5,38.9,81.0,81.0,19.5,35.7,88.3,0.0,5.3,0.0,16.2,24.3,108.1,0.0,11.3,11.3,0.0,27.7,15.2,16.2,2.6,2.6,7.9,7.9,55.1,49.6,90.3,52.8,71.7,3.3,5.7,14.5,63.9,97.9,100.1,97.9,30.8,2.6,0.0,100.1,True,True,Scrambled
15,1214521,15,20000497,1,2024,Giannis Antetokounmpo,MIL,PF,1,19128,18479,18479,96.0,Scrambled,Scrambled,,Scrambled,PF,PF/C,PF,41,34,20000015,Scrambled,20458,27,LAL,2024-03-08T00:00:00,2024-03-08T22:00:00,AWAY,True,20020458,20000027,2024-03-11T04:00:08,1,111.5,62,66,22.7,37.3,98.7,98.7,21.1,32.4,105.4,2.6,7.9,54.0,13.1,11.3,115.7,5.3,19.5,22.7,10.1,58.9,34.8,19.5,2.6,2.6,10.5,5.3,55.1,42.3,106.0,67.4,84.3,3.3,5.8,21.5,56.8,114.8,124.0,114.8,-6.5,2.6,2.6,121.6,True,True,Scrambled
16,1211911,15,20000497,1,2024,Giannis Antetokounmpo,MIL,PF,1,19452,18642,18642,96.0,Scrambled,Scrambled,,Scrambled,PF,PF/C,PF,32,36,20000015,Scrambled,20442,26,GS,2024-03-06T00:00:00,2024-03-06T22:00:00,AWAY,True,20020442,20000026,2024-03-09T04:00:09,1,65.5,52,55,13.0,24.3,86.4,86.4,11.3,19.5,94.5,2.6,7.9,54.0,15.8,14.6,108.1,5.3,13.1,11.3,16.1,31.4,19.4,15.8,0.0,2.6,5.3,2.6,37.3,30.7,98.1,47.8,64.5,0.0,7.4,15.5,45.3,67.1,68.5,67.1,-9.7,0.0,0.0,68.5,True,True,Scrambled
17,1209536,15,20000497,1,2024,Giannis Antetokounmpo,MIL,PF,0,19452,18642,18642,97.0,Scrambled,Scrambled,2024-03-03T00:00:00,Scrambled,PF,PF/C,PF,13,11,20000015,Scrambled,20423,28,LAC,2024-03-04T00:00:00,2024-03-04T20:00:00,HOME,True,20020423,20000028,2024-03-04T22:42:06,0,0.0,0,0,0.0,0.0,0.0,0.0,0.0,0.0,0.0,0.0,0.0,0.0,0.0,0.0,0.0,0.0,0.0,0.0,0.0,0.0,0.0,0.0,0.0,0.0,0.0,0.0,0.0,0.0,0.0,0.0,0.0,0.0,0.0,0.0,0.0,0.0,0.0,0.0,0.0,0.0,0.0,0.0,True,True,Scrambled
18,1207088,15,20000497,1,2024,Giannis Antetokounmpo,MIL,PF,1,18966,18479,18479,97.0,Scrambled,Scrambled,,Scrambled,PF,PF/C,PF,19,37,20000015,Scrambled,20407,11,CHI,2024-03-01T00:00:00,2024-03-01T22:00:00,AWAY,True,20020407,20000011,2024-03-04T04:00:09,1,125.1,60,31,25.9,35.7,117.8,125.3,22.7,30.8,119.5,5.3,7.9,108.1,19.5,25.9,121.6,13.1,17.8,25.9,21.7,51.0,35.9,15.8,2.6,2.6,2.6,7.9,74.6,47.1,128.5,98.9,76.2,3.5,5.7,8.7,58.5,128.4,131.3,128.4,15.8,2.6,0.0,131.3,True,True,Scrambled
19,1205743,15,20000497,1,2024,Giannis Antetokounmpo,MIL,PF,1,18966,18317,18317,97.0,Scrambled,Scrambled,,Scrambled,PF,PF/C,PF,41,44,20000015,Scrambled,20392,2,CHA,2024-02-29T00:00:00,2024-02-29T19:00:00,AWAY,True,20020392,20000002,2024-03-08T05:20:07,1,68.9,53,44,16.2,24.3,108.1,118.8,13.0,21.1,99.7,5.3,5.3,162.1,5.3,7.9,108.1,5.3,13.0,16.2,11.3,41.4,27.1,13.1,0.0,0.0,2.6,7.9,38.9,26.5,117.8,53.5,47.2,0.0,0.0,15.2,39.6,68.9,74.6,68.9,25.9,2.6,0.0,74.6,True,True,Scrambled
20,1203985,15,20000497,1,2024,Giannis Antetokounmpo,MIL,PF,1,18966,18642,18642,97.0,Scrambled,Scrambled,,Scrambled,PF,PF/C,PF,39,44,20000015,Scrambled,20383,2,CHA,2024-02-27T00:00:00,2024-02-27T20:00:00,HOME,True,20020383,20000002,2024-03-01T04:00:08,1,55.3,39,24,13.0,21.1,99.7,99.7,11.3,19.5,94.5,2.6,2.6,162.1,11.3,13.0,141.8,7.9,13.1,13.0,22.4,35.6,29.2,2.6,0.0,0.0,2.6,2.6,38.9,26.8,117.8,67.2,10.6,0.0,0.0,15.0,53.1,55.3,57.5,55.3,40.5,0.0,0.0,57.5,True,True,Scrambled
21,1201739,15,20000497,1,2024,Giannis Antetokounmpo,MIL,PF,1,18966,18642,18642,97.0,Scrambled,Scrambled,,Scrambled,PF,PF/C,PF,16,24,20000015,Scrambled,20360,7,PHI,2024-02-25T00:00:00,2024-02-25T13:00:00,AWAY,True,20020360,20000007,2024-02-28T04:00:09,1,87.4,57,73,16.2,27.6,95.3,95.3,14.6,24.3,97.3,2.6,5.3,81.0,14.6,19.5,121.6,2.6,17.8,19.5,10.1,45.2,29.7,14.6,0.0,2.6,15.8,2.6,48.6,36.1,108.1,54.8,66.2,0.0,6.9,34.4,58.6,89.0,96.4,89.0,22.7,2.6,0.0,96.4,True,True,Scrambled
22,1200243,15,20000497,1,2024,Giannis Antetokounmpo,MIL,PF,1,19128,18966,18966,97.0,Scrambled,Scrambled,,Scrambled,PF,PF/C,PF,3,8,20000015,Scrambled,20351,16,MIN,2024-02-23T00:00:00,2024-02-23T22:00:00,AWAY,True,20020351,20000016,2024-02-26T04:00:09,1,89.3,66,18,14.6,21.1,112.2,124.7,13.0,19.5,108.1,2.6,2.6,162.1,22.7,34.0,108.1,10.5,14.6,21.1,16.1,32.7,24.8,13.1,2.6,0.0,7.9,2.6,53.5,36.1,121.6,59.9,30.9,3.2,0.0,19.3,44.1,90.9,96.0,90.9,2.6,2.6,0.0,96.0,True,True,Scrambled
23,1195952,15,20000497,1,2024,Giannis Antetokounmpo,MIL,PF,1,18966,19128,19128,97.0,Scrambled,Scrambled,,Scrambled,PF,PF/C,PF,26,32,20000015,Scrambled,20333,21,MEM,2024-02-15T00:00:00,2024-02-15T20:30:00,AWAY,True,20020333,20000021,2024-02-18T04:00:09,1,92.1,58,60,24.3,27.6,143.0,143.0,24.3,27.6,143.0,0.0,0.0,0.0,13.1,14.6,90.1,0.0,10.5,10.5,0.0,21.2,10.1,19.5,0.0,0.0,2.6,13.1,56.7,34.0,135.0,75.2,114.2,0.0,0.0,12.0,41.7,92.1,95.6,92.1,-22.7,2.6,0.0,95.6,True,True,Scrambled
24,1193911,15,20000497,1,2024,Giannis Antetokounmpo,MIL,PF,1,19128,18966,18966,97.0,Scrambled,Scrambled,,Scrambled,PF,PF/C,PF,15,11,20000015,Scrambled,20316,4,MIA,2024-02-13T00:00:00,2024-02-13T20:00:00,HOME,True,20020316,20000004,2024-02-16T04:00:08,1,76.5,53,62,17.8,29.2,99.0,108.1,16.2,25.9,101.3,2.6,5.3,81.0,0.0,0.0,0.0,5.3,14.6,17.8,10.3,52.1,29.9,13.0,0.0,5.3,13.1,0.0,37.3,29.2,103.6,49.1,86.9,0.0,15.9,35.2,50.3,79.8,84.7,79.8,-37.3,2.6,0.0,84.7,True,True,Scrambled
25,1193383,15,20000497,1,2024,Giannis Antetokounmpo,MIL,PF,1,19128,18966,18966,97.0,Scrambled,Scrambled,,Scrambled,PF,PF/C,PF,16,15,20000015,Scrambled,20310,20,DEN,2024-02-12T00:00:00,2024-02-12T20:00:00,HOME,True,20020310,20000020,2024-02-15T04:00:08,1,118.5,49,39,22.7,30.8,119.5,119.5,22.7,30.8,119.5,0.0,0.0,0.0,13.0,22.7,92.6,10.5,22.7,29.2,22.7,66.3,46.5,13.1,7.9,5.3,5.3,5.3,58.4,40.8,116.7,101.0,64.3,12.8,15.3,11.9,66.9,126.6,124.0,126.6,29.2,2.6,0.0,124.0,True,True,Scrambled
26,1191868,15,20000497,1,2024,Giannis Antetokounmpo,MIL,PF,1,19452,19128,19128,97.0,Scrambled,Scrambled,,Scrambled,PF,PF/C,PF,41,44,20000015,Scrambled,20288,2,CHA,2024-02-09T00:00:00,2024-02-09T20:00:00,HOME,True,20020288,20000002,2024-02-12T04:00:09,1,65.3,37,63,13.1,16.2,81.0,81.0,13.1,14.6,90.1,0.0,2.6,0.0,13.1,11.3,115.7,2.6,21.1,22.7,10.6,83.9,45.6,7.9,2.6,2.6,0.0,13.1,24.3,21.2,93.5,52.7,32.0,5.5,10.6,0.0,39.3,68.6,68.9,68.6,45.4,2.6,0.0,68.9,True,True,Scrambled
27,1191330,15,20000497,1,2024,Giannis Antetokounmpo,MIL,PF,1,19452,18804,18804,97.0,Scrambled,Scrambled,,Scrambled,PF,PF/C,PF,3,5,20000015,Scrambled,20281,16,MIN,2024-02-08T00:00:00,2024-02-08T20:00:00,HOME,True,20020281,20000016,2024-02-11T04:00:11,1,48.8,44,34,11.3,22.7,81.0,81.0,11.3,19.5,94.5,0.0,5.3,0.0,7.9,11.3,69.5,2.6,5.3,7.9,11.2,15.4,10.9,11.3,2.6,0.0,7.9,2.6,27.6,27.7,81.0,34.0,71.8,5.2,0.0,24.2,56.5,50.4,51.5,50.4,-29.2,0.0,0.0,51.5,True,True,Scrambled
28,1189966,15,20000497,1,2024,Giannis Antetokounmpo,MIL,PF,1,19614,18479,18479,97.0,Scrambled,Scrambled,,Scrambled,PF,PF/C,PF,19,44,20000015,Scrambled,20268,29,PHO,2024-02-06T00:00:00,2024-02-06T22:00:00,AWAY,True,20020268,20000029,2024-02-09T04:00:12,1,81.0,62,58,21.1,38.9,87.9,94.5,19.5,34.0,92.6,2.6,7.9,54.0,11.3,21.1,87.2,10.5,15.8,16.2,15.8,28.8,21.7,15.8,0.0,0.0,13.1,13.1,55.1,48.2,93.4,43.8,53.0,0.0,0.0,23.3,61.9,81.0,89.2,81.0,2.6,2.6,0.0,89.2,True,True,Scrambled
29,1188142,15,20000497,1,2024,Giannis Antetokounmpo,MIL,PF,1,19290,18479,18479,97.0,Scrambled,Scrambled,,Scrambled,PF,PF/C,PF,45,49,20000015,Scrambled,20254,17,UTA,2024-02-04T00:00:00,2024-02-04T20:00:00,AWAY,True,20020254,20000017,2024-02-07T04:00:10,1,93.9,63,58,17.8,24.3,118.8,118.8,17.8,21.1,137.1,0.0,5.3,0.0,17.8,24.3,118.8,5.3,13.1,11.3,13.5,26.6,16.4,21.1,0.0,2.6,13.1,7.9,53.5,35.0,124.3,63.2,99.5,0.0,7.1,30.5,49.3,95.5,100.9,95.5,-13.0,2.6,0.0,100.9,True,True,Scrambled
30,1187166,15,20000497,1,2024,Giannis Antetokounmpo,MIL,PF,1,19452,18479,18479,97.0,Scrambled,Scrambled,,Scrambled,PF,PF/C,PF,36,29,20000015,Scrambled,20245,25,DAL,2024-02-03T00:00:00,2024-02-03T20:30:00,AWAY,True,20020245,20000025,2024-02-06T04:00:09,1,131.6,65,16,32.4,45.4,115.7,121.6,29.2,37.3,126.9,5.3,13.1,64.8,15.8,16.2,97.3,2.6,13.1,15.8,8.0,24.8,14.9,16.2,13.1,2.6,2.6,7.9,77.8,52.5,119.6,95.7,74.2,15.2,7.5,7.9,58.8,141.4,137.0,141.4,24.3,2.6,0.0,137.0,True,True,Scrambled
31,1185021,15,20000497,1,2024,Giannis Antetokounmpo,MIL,PF,1,19290,18642,18642,97.0,Scrambled,Scrambled,,Scrambled,PF,PF/C,PF,39,26,20000015,Scrambled,20226,19,POR,2024-01-31T00:00:00,2024-01-31T22:00:00,AWAY,True,20020226,20000019,2024-02-03T04:00:10,1,72.3,60,75,16.2,25.9,101.3,101.3,16.2,22.7,115.7,0.0,5.3,0.0,11.3,17.8,103.1,7.9,13.1,13.0,15.4,27.1,21.1,10.5,7.9,2.6,15.8,13.1,43.8,33.8,104.2,42.6,25.5,10.2,5.2,36.2,49.0,78.8,77.8,78.8,15.8,0.0,0.0,77.8,True,True,Scrambled
32,1183274,15,20000497,1,2024,Giannis Antetokounmpo,MIL,PF,1,19452,18479,18479,97.0,Scrambled,Scrambled,,Scrambled,PF,PF/C,PF,11,23,20000015,Scrambled,20210,20,DEN,2024-01-29T00:00:00,2024-01-29T21:00:00,AWAY,True,20020210,20000020,2024-02-01T04:00:09,1,83.3,58,89,17.8,30.8,93.9,102.4,16.2,29.2,90.1,2.6,2.6,162.1,15.8,17.8,88.3,5.3,16.2,19.5,15.2,50.2,29.1,10.5,2.6,2.6,5.3,10.5,47.0,38.6,97.9,50.3,38.9,3.5,4.7,12.5,50.9,86.6,89.2,86.6,-4.9,2.6,0.0,89.2,True,True,Scrambled
33,1181535,15,20000497,1,2024,Giannis Antetokounmpo,MIL,PF,1,20100,18155,18155,97.0,Scrambled,Scrambled,,Scrambled,PF,PF/C,PF,16,3,20000015,Scrambled,20191,23,NO,2024-01-27T00:00:00,2024-01-27T20:00:00,HOME,True,20020191,20000023,2024-01-30T04:00:11,1,86.6,45,89,17.8,25.9,111.5,121.6,16.2,24.3,108.1,2.6,2.6,162.1,11.3,17.8,103.1,2.6,17.8,19.5,10.9,61.7,36.7,10.5,5.3,0.0,2.6,7.9,48.6,33.8,115.7,77.9,32.9,8.4,0.0,12.0,52.9,89.8,91.6,89.8,37.3,2.6,0.0,91.6,True,True,Scrambled
34,1180614,15,20000497,1,2024,Giannis Antetokounmpo,MIL,PF,1,19776,17831,17831,97.0,Scrambled,Scrambled,,Scrambled,PF,PF/C,PF,11,19,20000015,Scrambled,20182,12,CLE,2024-01-26T00:00:00,2024-01-26T20:00:00,HOME,True,20020182,20000012,2024-01-29T04:00:09,1,75.7,57,76,14.6,21.1,112.2,112.2,14.6,21.1,112.2,0.0,0.0,0.0,10.5,14.6,72.0,5.3,14.6,17.8,14.7,36.2,23.4,14.6,2.6,2.6,15.8,13.1,35.7,27.5,104.9,41.2,85.3,3.5,6.3,42.4,43.2,78.9,83.9,78.9,13.0,2.6,0.0,83.9,True,True,Scrambled
35,1178857,15,20000497,1,2024,Giannis Antetokounmpo,MIL,PF,1,19614,17831,17831,97.0,Scrambled,Scrambled,,Scrambled,PF,PF/C,PF,8,13,20000015,Scrambled,20167,12,CLE,2024-01-24T00:00:00,2024-01-24T20:00:00,HOME,True,20020167,20000012,2024-01-27T04:00:09,1,119.3,55,53,25.9,38.9,108.1,108.1,24.3,37.3,105.7,2.6,2.6,162.1,5.3,7.9,108.1,5.3,25.9,29.2,10.5,85.8,47.7,16.2,0.0,5.3,5.3,7.9,56.7,41.0,111.2,82.8,98.9,0.0,13.8,11.9,54.3,122.5,130.5,122.5,17.8,2.6,2.6,128.1,True,True,Scrambled
36,1177276,15,20000497,1,2024,Giannis Antetokounmpo,MIL,PF,1,19938,17831,17831,97.0,Scrambled,Scrambled,,Scrambled,PF,PF/C,PF,45,24,20000015,Scrambled,20149,14,DET,2024-01-22T00:00:00,2024-01-22T19:00:00,AWAY,True,20020149,20000014,2024-01-25T04:00:09,1,120.6,57,53,17.8,40.5,71.3,77.8,16.2,32.4,81.0,2.6,13.1,32.4,13.0,19.5,108.1,7.9,22.7,27.6,14.3,68.1,40.9,16.2,7.9,5.3,5.3,7.9,50.3,49.1,82.3,68.1,80.6,10.2,12.0,10.0,59.9,128.7,131.7,128.7,19.5,2.6,2.6,129.3,True,True,Scrambled
37,1175628,15,20000497,1,2024,Giannis Antetokounmpo,MIL,PF,1,19776,19452,19452,97.0,Scrambled,Scrambled,2024-01-17T00:00:00,Scrambled,PF,PF/C,PF,45,28,20000015,Scrambled,20135,14,DET,2024-01-20T00:00:00,2024-01-20T15:00:00,AWAY,True,20020135,20000014,2024-01-23T04:00:09,1,93.2,62,13,16.2,25.9,101.3,101.3,16.2,24.3,108.1,0.0,2.6,0.0,17.8,35.7,81.0,7.9,11.3,16.2,15.7,28.6,22.9,14.6,5.3,2.6,13.1,2.6,50.3,41.6,98.6,55.7,53.4,6.3,5.8,26.4,53.7,98.1,100.5,98.1,21.1,2.6,0.0,100.5,True,True,Scrambled
38,1173131,15,20000497,1,2024,Giannis Antetokounmpo,MIL,PF,0,19776,17831,17831,97.0,Scrambled,Scrambled,2024-01-17T00:00:00,Scrambled,PF,PF/C,PF,11,18,20000015,Scrambled,20115,12,CLE,2024-01-17T00:00:00,2024-01-17T19:30:00,AWAY,True,20020115,20000012,2024-01-17T21:59:30,0,0.0,0,0,0.0,0.0,0.0,0.0,0.0,0.0,0.0,0.0,0.0,0.0,0.0,0.0,0.0,0.0,0.0,0.0,0.0,0.0,0.0,0.0,0.0,0.0,0.0,0.0,0.0,0.0,0.0,0.0,0.0,0.0,0.0,0.0,0.0,0.0,0.0,0.0,0.0,0.0,0.0,0.0,True,True,Scrambled
39,1171039,15,20000497,1,2024,Giannis Antetokounmpo,MIL,PF,1,19614,18804,18804,97.0,Scrambled,Scrambled,,Scrambled,PF,PF/C,PF,26,19,20000015,Scrambled,20095,30,SAC,2024-01-14T00:00:00,2024-01-14T19:00:00,HOME,True,20020095,20000030,2024-01-17T04:00:09,1,90.8,65,37,14.6,25.9,91.1,91.1,14.6,22.7,104.2,0.0,5.3,0.0,14.6,22.7,104.2,2.6,14.6,16.2,8.2,42.5,24.4,16.2,7.9,0.0,10.5,10.5,43.8,35.9,99.5,48.8,58.8,9.2,0.0,24.8,46.7,95.6,102.1,95.6,-21.1,2.6,2.6,99.7,True,True,Scrambled
40,1170247,15,20000497,1,2024,Giannis Antetokounmpo,MIL,PF,1,19452,18966,18966,97.0,Scrambled,Scrambled,,Scrambled,PF,PF/C,PF,26,26,20000015,Scrambled,20088,26,GS,2024-01-13T00:00:00,2024-01-13T20:00:00,HOME,True,20020088,20000026,2024-01-16T04:00:10,1,76.7,58,63,21.1,35.7,95.8,103.1,19.5,30.8,102.4,2.6,7.9,54.0,15.8,13.0,121.6,7.9,15.8,14.6,14.8,26.5,21.0,13.1,0.0,0.0,10.5,7.9,53.5,41.4,104.9,51.7,31.2,0.0,0.0,22.0,55.2,76.7,81.5,76.7,2.6,0.0,0.0,81.5,True,True,Scrambled
41,1168587,15,20000497,1,2024,Giannis Antetokounmpo,MIL,PF,1,19938,19452,19452,97.0,Scrambled,Scrambled,,Scrambled,PF,PF/C,PF,8,8,20000015,Scrambled,20071,9,BOS,2024-01-11T00:00:00,2024-01-11T19:30:00,HOME,True,20020071,20000009,2024-01-14T04:00:13,1,76.8,41,65,16.2,21.1,124.7,124.7,16.2,21.1,124.7,0.0,0.0,0.0,10.5,13.1,129.7,13.1,11.3,19.5,41.0,44.2,42.8,15.8,2.6,2.6,10.5,5.3,38.9,24.6,129.7,79.5,54.6,5.0,8.8,33.8,53.9,80.1,83.5,80.1,61.6,2.6,0.0,83.5,True,True,Scrambled
42,1166341,15,20000497,1,2024,Giannis Antetokounmpo,MIL,PF,1,20749,18966,18966,94.0,Scrambled,Scrambled,,Scrambled,PF,PF/C,PF,42,47,20000015,Scrambled,20053,17,UTA,2024-01-08T00:00:00,2024-01-08T20:00:00,HOME,True,20020053,20000017,2024-01-11T06:43:34,1,80.2,62,37,16.2,32.4,81.0,81.0,16.2,29.2,90.1,0.0,5.3,0.0,13.1,14.6,90.1,10.5,15.8,16.2,16.9,32.9,23.8,17.8,0.0,0.0,10.5,13.1,40.5,38.8,84.5,39.9,75.6,0.0,0.0,23.2,50.9,80.2,91.6,80.2,-22.7,2.6,2.6,89.2,True,True,Scrambled
43,1164784,15,20000497,1,2024,Giannis Antetokounmpo,MIL,PF,1,20100,18966,18966,94.0,Scrambled,Scrambled,,Scrambled,PF,PF/C,PF,11,8,20000015,Scrambled,20039,22,HOU,2024-01-06T00:00:00,2024-01-06T20:00:00,AWAY,True,20020039,20000022,2024-01-09T04:00:10,1,115.7,62,91,25.9,40.5,103.7,103.7,24.3,37.3,105.7,2.6,5.3,81.0,24.3,34.0,115.7,7.9,22.7,27.6,13.9,63.6,39.0,5.3,0.0,2.6,5.3,10.5,77.8,55.5,114.4,79.6,26.2,0.0,6.6,14.5,68.6,117.4,122.0,117.4,-1.6,2.6,0.0,122.0,True,True,Scrambled
44,1163213,15,20000497,1,2024,Giannis Antetokounmpo,MIL,PF,1,19614,19452,19452,89.0,Scrambled,Scrambled,,Scrambled,PF,PF/C,PF,47,36,20000015,Scrambled,20020,24,SA,2024-01-04T00:00:00,2024-01-04T19:30:00,AWAY,True,20020020,20000024,2024-01-07T04:00:09,1,123.7,63,49,30.8,45.4,110.1,115.7,27.6,40.5,110.2,5.3,7.9,108.1,10.5,15.8,108.1,7.9,17.8,22.7,14.8,49.2,32.8,11.3,5.3,2.6,2.6,7.9,71.3,49.7,116.9,85.9,53.2,6.2,5.8,8.3,54.5,128.5,129.7,128.5,17.8,2.6,0.0,129.7,True,True,Scrambled
45,1162325,15,20000497,1,2024,Giannis Antetokounmpo,MIL,PF,1,20262,19290,19290,89.0,Scrambled,Scrambled,,Scrambled,PF,PF/C,PF,39,47,20000015,Scrambled,20009,13,IND,2024-01-03T00:00:00,2024-01-03T19:00:00,AWAY,True,20020009,20000013,2024-01-06T04:00:09,1,91.1,57,70,13.0,21.1,99.7,99.7,11.3,17.8,103.1,2.6,5.3,81.0,14.6,21.1,112.2,0.0,17.8,17.8,0.0,61.4,27.8,13.0,7.9,2.6,7.9,5.3,42.1,30.3,114.0,60.3,49.4,9.9,6.4,22.4,39.7,97.6,97.7,97.6,-19.5,2.6,0.0,97.7,True,True,Scrambled
46,1160680,15,20000497,1,2024,Giannis Antetokounmpo,MIL,PF,1,20100,17831,17831,86.0,Scrambled,Scrambled,,Scrambled,PF,PF/C,PF,39,44,20000015,Scrambled,19997,13,IND,2024-01-01T00:00:00,2024-01-01T20:00:00,HOME,True,20019997,20000013,2024-01-04T04:00:11,1,113.6,58,89,17.8,32.4,89.2,89.2,17.8,27.6,104.9,0.0,7.9,0.0,13.0,17.8,117.8,7.9,24.3,29.2,13.7,60.8,38.7,17.8,2.6,5.3,10.5,7.9,48.6,40.3,97.3,65.5,86.8,3.3,11.0,22.5,52.7,118.5,125.6,118.5,7.9,2.6,2.6,123.2,True,True,Scrambled
47,1158479,15,20000497,1,2024,Giannis Antetokounmpo,MIL,PF,1,20100,17831,17831,86.0,Scrambled,Scrambled,,Scrambled,PF,PF/C,PF,15,13,20000015,Scrambled,19976,12,CLE,2023-12-29T00:00:00,2023-12-29T19:30:00,AWAY,True,20019976,20000012,2024-01-01T04:00:13,1,96.8,58,55,22.7,35.7,103.1,103.1,22.7,34.0,108.1,0.0,2.6,0.0,15.8,11.3,138.9,5.3,22.7,25.9,11.5,69.3,42.6,13.1,2.6,0.0,7.9,5.3,55.1,40.7,110.2,65.0,47.0,3.3,0.0,17.3,54.6,98.4,102.9,98.4,19.5,2.6,0.0,102.9,True,True,Scrambled
48,1156593,15,20000497,1,2024,Giannis Antetokounmpo,MIL,PF,1,19614,17831,17831,86.0,Scrambled,Scrambled,,Scrambled,PF,PF/C,PF,29,18,20000015,Scrambled,19960,8,BKN,2023-12-27T00:00:00,2023-12-27T19:30:00,AWAY,True,20019960,20000008,2023-12-30T04:00:09,1,94.0,49,44,16.2,19.5,135.0,135.0,16.2,19.5,135.0,0.0,0.0,0.0,19.5,27.6,114.4,5.3,13.0,16.2,13.4,40.9,29.0,13.0,0.0,5.3,5.3,5.3,51.9,31.6,133.1,87.9,56.4,0.0,12.0,15.1,50.3,97.3,98.9,97.3,13.0,2.6,0.0,98.9,True,True,Scrambled
49,1154957,15,20000497,1,2024,Giannis Antetokounmpo,MIL,PF,1,19452,17345,17345,86.0,Scrambled,Scrambled,,Scrambled,PF,PF/C,PF,11,16,20000015,Scrambled,19944,6,NY,2023-12-25T00:00:00,2023-12-25T12:00:00,AWAY,True,20019944,20000006,2023-12-28T04:00:09,1,98.2,62,63,21.1,38.9,87.9,94.5,19.5,35.7,88.3,2.6,5.3,81.0,13.1,14.6,90.1,13.1,13.0,21.1,19.7,47.4,30.8,15.8,2.6,5.3,5.3,10.5,51.9,45.3,92.6,57.4,41.9,3.2,9.9,10.8,51.7,103.1,104.1,103.1,-8.1,2.6,0.0,104.1,True,True,Scrambled
50,1153698,15,20000497,1,2024,Giannis Antetokounmpo,MIL,PF,1,19452,17669,17669,86.0,Scrambled,Scrambled,2023-12-21T00:00:00,Scrambled,PF,PF/C,PF,11,13,20000015,Scrambled,19931,6,NY,2023-12-23T00:00:00,2023-12-23T12:30:00,AWAY,True,20019931,20000006,2023-12-26T04:00:10,1,74.4,52,34,17.8,27.6,104.9,104.9,17.8,27.6,104.9,0.0,0.0,0.0,15.8,13.0,121.6,5.3,13.1,11.3,11.4,23.1,17.9,11.3,2.6,2.6,13.1,10.5,45.4,33.3,110.7,55.1,53.1,3.9,6.1,31.8,53.3,77.6,79.0,77.6,7.9,0.0,0.0,79.0,True,True,Scrambled
51,1152286,15,20000497,1,2024,Giannis Antetokounmpo,MIL,PF,1,19776,17831,17831,86.0,Scrambled,Scrambled,,Scrambled,PF,PF/C,PF,5,5,20000015,Scrambled,19921,5,ORL,2023-12-21T00:00:00,2023-12-21T20:00:00,HOME,True,20019921,20000005,2023-12-24T04:00:10,1,92.4,60,29,17.8,40.5,71.3,71.3,17.8,35.7,81.0,0.0,7.9,0.0,24.3,30.8,127.9,5.3,13.0,16.2,16.1,30.9,21.7,15.8,0.0,5.3,13.1,10.5,60.0,54.1,89.5,50.5,52.5,0.0,10.2,21.1,67.6,95.6,99.7,95.6,14.6,2.6,0.0,99.7,True,True,Scrambled
52,1150350,15,20000497,1,2024,Giannis Antetokounmpo,MIL,PF,1,19290,17831,17831,86.0,Scrambled,Scrambled,,Scrambled,PF,PF/C,PF,47,16,20000015,Scrambled,19904,24,SA,2023-12-19T00:00:00,2023-12-19T20:00:00,HOME,True,20019904,20000024,2023-12-22T04:00:09,1,88.8,53,58,10.5,19.5,54.0,54.0,10.5,16.2,64.8,0.0,5.3,0.0,7.9,15.8,81.0,5.3,19.5,22.7,13.6,63.2,32.7,25.9,5.3,2.6,7.9,2.6,17.8,23.7,61.4,42.8,83.7,6.9,5.7,27.6,34.1,93.7,99.7,93.7,21.1,2.6,2.6,97.3,True,True,Scrambled
53,1148656,15,20000497,1,2024,Giannis Antetokounmpo,MIL,PF,1,19938,18479,18479,86.0,Scrambled,Scrambled,,Scrambled,PF,PF/C,PF,8,3,20000015,Scrambled,19889,22,HOU,2023-12-17T00:00:00,2023-12-17T19:00:00,HOME,True,20019889,20000022,2023-12-20T04:00:11,1,72.8,63,16,16.2,35.7,73.8,73.8,14.6,30.8,76.8,2.6,7.9,54.0,13.1,17.8,73.8,15.8,17.8,27.6,29.1,60.7,43.8,7.9,0.0,0.0,15.8,7.9,42.1,43.5,78.0,28.1,18.2,0.0,0.0,29.6,54.8,72.8,82.3,72.8,17.8,2.6,0.0,82.3,True,True,Scrambled
54,1147852,15,20000497,1,2024,Giannis Antetokounmpo,MIL,PF,1,20100,20100,20100,,Scrambled,Scrambled,,Scrambled,PF,PF/C,,42,15,20000015,Scrambled,19877,14,DET,2023-12-16T00:00:00,2023-12-16T18:00:00,HOME,True,20019877,20000014,2023-12-19T04:00:09,1,69.1,41,76,11.3,14.6,126.1,126.1,11.3,14.6,126.1,0.0,0.0,0.0,13.0,21.1,99.7,2.6,11.3,13.0,14.4,41.4,28.4,15.8,2.6,0.0,0.0,2.6,35.7,23.9,123.0,74.4,49.0,4.7,0.0,0.0,38.3,70.7,69.7,70.7,35.7,0.0,0.0,69.7,True,True,Scrambled
55,1145459,15,20000497,1,2024,Giannis Antetokounmpo,MIL,PF,1,19452,18479,18479,83.0,Scrambled,Scrambled,,Scrambled,PF,PF/C,PF,39,41,20000015,Scrambled,19858,13,IND,2023-12-13T00:00:00,2023-12-13T20:00:00,HOME,True,20019858,20000013,2023-12-22T05:32:20,1,148.0,60,21,32.4,45.4,115.7,115.7,32.4,40.5,129.7,0.0,7.9,0.0,38.9,51.9,121.6,7.9,17.8,22.7,15.3,48.9,33.2,7.9,10.5,2.6,10.5,2.6,103.7,68.2,123.5,120.8,28.2,12.2,5.3,14.1,77.0,156.1,154.8,156.1,47.0,2.6,0.0,154.8,True,True,Scrambled
56,1143686,15,20000497,1,2024,Giannis Antetokounmpo,MIL,PF,1,19290,18155,18155,83.0,Scrambled,Scrambled,,Scrambled,PF,PF/C,PF,26,44,20000015,Scrambled,19843,11,CHI,2023-12-11T00:00:00,2023-12-11T20:00:00,HOME,True,20019843,20000011,2023-12-14T04:00:13,1,93.0,65,92,14.6,21.1,112.2,112.2,14.6,21.1,112.2,0.0,0.0,0.0,22.7,29.2,126.1,2.6,17.8,19.5,8.7,38.5,25.4,15.8,5.3,0.0,5.3,5.3,51.9,33.9,123.5,62.0,38.9,6.4,0.0,14.1,42.4,96.3,98.1,96.3,21.1,2.6,0.0,98.1,True,True,Scrambled
57,1140676,15,20000497,1,2024,Giannis Antetokounmpo,MIL,PF,1,19614,17831,17831,83.0,Scrambled,Scrambled,,Scrambled,PF,PF/C,PF,39,36,20000015,Scrambled,20839,13,IND,2023-12-07T00:00:00,2023-12-07T17:00:00,HOME,True,20020839,20000013,2023-12-10T04:00:13,1,89.2,65,49,21.1,30.8,110.9,110.9,21.1,29.2,117.0,0.0,2.6,0.0,17.8,21.1,137.1,2.6,14.6,16.2,6.5,35.3,19.8,5.3,0.0,5.3,2.6,7.9,60.0,40.1,122.4,62.9,13.9,0.0,9.0,10.2,41.1,92.4,93.2,92.4,-8.1,2.6,0.0,93.2,True,True,Scrambled
58,1138883,15,20000497,1,2024,Giannis Antetokounmpo,MIL,PF,1,19776,18479,18479,83.0,Scrambled,Scrambled,,Scrambled,PF,PF/C,PF,3,8,20000015,Scrambled,20815,6,NY,2023-12-05T00:00:00,2023-12-05T19:30:00,HOME,True,20020815,20000006,2023-12-08T04:00:10,1,99.9,53,79,24.3,35.7,110.6,117.8,22.7,34.0,108.1,2.6,2.6,162.1,10.5,14.6,72.0,7.9,13.1,13.0,19.2,31.1,25.2,16.2,7.9,0.0,10.5,7.9,56.7,42.1,109.1,76.0,68.2,11.2,0.0,21.6,61.9,104.7,107.0,104.7,30.8,2.6,0.0,107.0,True,True,Scrambled
59,1137185,15,20000497,1,2024,Giannis Antetokounmpo,MIL,PF,1,18966,18317,18317,83.0,Scrambled,Scrambled,,Scrambled,PF,PF/C,PF,44,47,20000015,Scrambled,19829,3,ATL,2023-12-02T00:00:00,2023-12-02T20:00:00,HOME,True,20019829,20000003,2023-12-05T04:00:11,1,99.2,58,31,22.7,32.4,113.5,113.5,22.7,30.8,119.5,0.0,2.6,0.0,10.5,13.1,129.7,5.3,14.6,17.8,13.0,37.8,28.0,16.2,5.3,2.6,13.1,2.6,51.9,36.0,117.8,69.3,62.1,6.8,5.5,29.8,52.7,104.1,111.4,104.1,13.0,2.6,2.6,109.0,True,True,Scrambled
60,1136408,15,20000497,1,2024,Giannis Antetokounmpo,MIL,PF,1,19128,18155,18155,83.0,Scrambled,Scrambled,,Scrambled,PF,PF/C,PF,28,37,20000015,Scrambled,19812,11,CHI,2023-11-30T00:00:00,2023-11-30T20:00:00,AWAY,True,20019812,20000011,2023-12-03T04:00:10,1,96.1,62,84,17.8,27.6,104.9,104.9,17.8,25.9,111.5,0.0,2.6,0.0,10.5,10.5,162.1,15.8,13.0,22.7,28.8,36.8,32.9,13.1,5.3,13.1,13.1,13.1,42.1,30.4,110.9,57.2,38.1,6.4,18.1,34.1,42.4,107.5,103.7,107.5,-13.0,2.6,0.0,103.7,True,True,Scrambled
61,1134767,15,20000497,1,2024,Giannis Antetokounmpo,MIL,PF,1,18966,18479,18479,83.0,Scrambled,Scrambled,,Scrambled,PF,PF/C,PF,16,23,20000015,Scrambled,19588,4,MIA,2023-11-28T00:00:00,2023-11-28T19:30:00,AWAY,True,20019588,20000004,2023-12-01T04:00:11,1,91.6,63,49,17.8,25.9,111.5,121.6,16.2,22.7,115.7,2.6,5.3,81.0,16.2,21.1,124.7,5.3,13.0,16.2,11.2,35.0,24.6,13.1,7.9,2.6,10.5,7.9,53.5,35.2,124.3,62.1,29.3,9.7,5.0,25.2,46.5,98.1,98.9,98.1,29.2,2.6,0.0,98.9,True,True,Scrambled
62,1134002,15,20000497,1,2024,Giannis Antetokounmpo,MIL,PF,1,18642,17183,17183,81.0,Scrambled,Scrambled,,Scrambled,PF,PF/C,PF,36,32,20000015,Scrambled,19788,19,POR,2023-11-26T00:00:00,2023-11-26T15:30:00,HOME,True,20019788,20000019,2023-11-29T04:00:09,1,105.7,62,79,17.8,34.0,84.9,84.9,17.8,32.4,89.2,0.0,2.6,0.0,17.8,29.2,99.0,15.8,16.2,25.9,25.6,44.5,34.9,15.8,2.6,7.9,10.5,13.1,53.5,46.9,92.2,58.0,56.2,3.3,10.2,19.7,55.0,112.2,112.7,112.2,14.6,2.6,0.0,112.7,True,True,Scrambled
63,1133538,15,20000497,1,2024,Giannis Antetokounmpo,MIL,PF,1,18479,17993,17993,81.0,Scrambled,Scrambled,,Scrambled,PF,PF/C,PF,49,28,20000015,Scrambled,19581,1,WAS,2023-11-24T00:00:00,2023-11-24T20:00:00,HOME,True,20019581,20000001,2023-11-27T04:00:14,1,83.2,60,21,17.8,30.8,93.9,93.9,17.8,30.8,93.9,0.0,0.0,0.0,14.6,19.5,121.6,7.9,15.8,14.6,14.2,24.1,19.6,7.9,7.9,2.6,7.9,5.3,50.3,39.4,102.6,56.9,18.5,9.8,5.4,17.8,49.4,89.6,86.3,89.6,-16.2,0.0,0.0,86.3,True,True,Scrambled
64,1132143,15,20000497,1,2024,Giannis Antetokounmpo,MIL,PF,1,18479,18479,18479,81.0,Scrambled,Scrambled,,Scrambled,PF,PF/C,PF,11,11,20000015,Scrambled,19771,9,BOS,2023-11-22T00:00:00,2023-11-22T19:30:00,AWAY,True,20019771,20000009,2023-11-25T04:00:12,1,73.1,58,49,11.3,32.4,56.7,56.7,11.3,27.6,66.8,0.0,7.9,0.0,11.3,16.2,113.5,7.9,16.2,21.1,12.3,56.1,30.8,13.1,5.3,0.0,7.9,10.5,34.0,39.6,69.5,30.0,29.8,6.8,0.0,17.7,49.7,76.3,79.0,76.3,15.8,2.6,0.0,79.0,True,True,Scrambled
65,1130930,15,20000497,1,2024,Giannis Antetokounmpo,MIL,PF,1,17831,17831,17831,81.0,Scrambled,Scrambled,,Scrambled,PF,PF/C,PF,49,19,20000015,Scrambled,19762,1,WAS,2023-11-20T00:00:00,2023-11-20T19:00:00,AWAY,True,20019762,20000001,2023-11-23T04:00:10,1,111.2,53,88,32.4,37.3,141.0,141.0,32.4,37.3,141.0,0.0,0.0,0.0,5.3,15.8,54.0,15.8,11.3,21.1,37.2,36.5,36.8,13.0,2.6,2.6,13.1,5.3,68.1,41.6,133.6,96.5,68.8,3.7,5.3,26.4,58.9,114.4,118.7,114.4,16.2,2.6,0.0,118.7,True,True,Scrambled
66,1129747,15,20000497,1,2024,Giannis Antetokounmpo,MIL,PF,1,17507,17831,17831,79.0,Scrambled,Scrambled,,Scrambled,PF,PF/C,PF,37,24,20000015,Scrambled,19748,25,DAL,2023-11-18T00:00:00,2023-11-18T20:00:00,HOME,True,20019748,20000025,2023-11-21T04:00:09,1,115.9,60,83,29.2,42.1,112.2,112.2,27.6,37.3,119.8,2.6,7.9,54.0,7.9,13.1,97.3,5.3,21.1,24.3,15.5,56.8,34.3,11.3,5.3,2.6,7.9,7.9,64.8,45.7,115.7,78.4,55.0,6.4,5.9,15.6,58.9,120.8,122.8,120.8,-11.3,2.6,0.0,122.8,True,True,Scrambled
67,1128859,15,20000497,1,2024,Giannis Antetokounmpo,MIL,PF,1,17507,17993,17993,79.0,Scrambled,Scrambled,,Scrambled,PF,PF/C,PF,44,41,20000015,Scrambled,19559,2,CHA,2023-11-17T00:00:00,2023-11-17T19:00:00,AWAY,True,20019559,20000002,2023-11-20T04:00:10,1,60.1,45,16,15.8,16.2,97.3,97.3,15.8,16.2,97.3,0.0,0.0,0.0,10.5,11.3,92.6,0.0,13.0,13.0,0.0,40.9,24.0,14.6,2.6,0.0,10.5,13.1,25.9,21.2,99.7,38.4,64.1,4.4,0.0,37.9,43.8,61.8,64.0,61.8,15.8,0.0,0.0,64.0,True,True,Scrambled
68,1127929,15,20000497,1,2024,Giannis Antetokounmpo,MIL,PF,0,17669,17993,17993,79.0,Scrambled,Scrambled,2023-11-14T00:00:00,Scrambled,PF,PF/C,PF,15,13,20000015,Scrambled,19738,10,TOR,2023-11-15T00:00:00,2023-11-15T19:30:00,AWAY,True,20019738,20000010,2023-11-15T22:06:41,0,0.0,0,0,0.0,0.0,0.0,0.0,0.0,0.0,0.0,0.0,0.0,0.0,0.0,0.0,0.0,0.0,0.0,0.0,0.0,0.0,0.0,0.0,0.0,0.0,0.0,0.0,0.0,0.0,0.0,0.0,0.0,0.0,0.0,0.0,0.0,0.0,0.0,0.0,0.0,0.0,0.0,0.0,True,True,Scrambled
69,1126719,15,20000497,1,2024,Giannis Antetokounmpo,MIL,PF,1,18479,17993,17993,79.0,Scrambled,Scrambled,,Scrambled,PF,PF/C,PF,28,28,20000015,Scrambled,19733,11,CHI,2023-11-13T00:00:00,2023-11-13T20:00:00,HOME,True,20019733,20000011,2023-11-16T04:00:12,1,78.1,55,68,21.1,35.7,95.8,103.1,19.5,30.8,102.4,2.6,7.9,54.0,13.0,22.7,92.6,7.9,13.0,17.8,16.0,30.9,24.7,5.3,0.0,0.0,7.9,10.5,56.7,45.6,101.3,53.4,18.7,0.0,0.0,15.6,60.3,78.1,84.7,78.1,21.1,2.6,0.0,84.7,True,True,Scrambled
70,1125403,15,20000497,1,2024,Giannis Antetokounmpo,MIL,PF,1,17831,17831,17831,79.0,Scrambled,Scrambled,,Scrambled,PF,PF/C,PF,8,3,20000015,Scrambled,19716,5,ORL,2023-11-11T00:00:00,2023-11-11T18:00:00,AWAY,True,20019716,20000005,2023-11-14T05:48:03,1,102.9,58,63,24.3,35.7,110.6,110.6,24.3,34.0,115.7,0.0,2.6,0.0,13.1,19.5,67.6,5.3,13.0,16.2,12.9,36.9,26.9,11.3,10.5,5.3,15.8,10.5,56.7,44.2,103.1,64.1,81.0,14.2,11.9,29.2,66.0,112.7,111.0,112.7,-17.8,2.6,0.0,111.0,True,True,Scrambled
71,1124333,15,20000497,1,2024,Giannis Antetokounmpo,MIL,PF,1,17183,17345,17345,79.0,Scrambled,Scrambled,,Scrambled,PF,PF/C,PF,37,34,20000015,Scrambled,19714,13,IND,2023-11-09T00:00:00,2023-11-09T19:00:00,AWAY,True,20019714,20000013,2023-11-12T04:00:09,1,105.2,58,47,30.8,40.5,123.2,123.2,30.8,38.9,128.4,0.0,2.6,0.0,25.9,29.2,144.1,5.3,16.2,19.5,11.8,47.4,31.6,7.9,0.0,0.0,13.0,10.5,87.5,53.4,132.6,86.0,30.5,0.0,0.0,31.7,77.6,105.2,115.1,105.2,15.8,2.6,0.0,115.1,True,True,Scrambled
72,1123684,15,20000497,1,2024,Giannis Antetokounmpo,MIL,PF,1,16372,17020,17020,79.0,Scrambled,Scrambled,,Scrambled,PF,PF/C,PF,23,5,20000015,Scrambled,19708,14,DET,2023-11-08T00:00:00,2023-11-08T20:00:00,HOME,True,20019708,20000014,2023-11-11T04:00:12,1,62.1,34,84,15.8,25.9,60.8,60.8,15.8,22.7,69.5,0.0,5.3,0.0,7.9,15.8,81.0,0.0,14.6,14.6,0.0,76.2,36.0,13.1,0.0,7.9,2.6,2.6,24.3,30.2,65.7,41.2,63.9,0.0,15.5,13.4,61.3,66.9,63.6,66.9,13.1,0.0,0.0,63.6,True,True,Scrambled
73,1122656,15,20000497,1,2024,Giannis Antetokounmpo,MIL,PF,1,16696,17183,17183,79.0,Scrambled,Scrambled,,Scrambled,PF,PF/C,PF,26,5,20000015,Scrambled,19692,8,BKN,2023-11-06T00:00:00,2023-11-06T19:30:00,AWAY,True,20019692,20000008,2023-11-09T04:00:13,1,93.9,57,24,24.3,43.8,90.1,96.1,22.7,32.4,113.5,2.6,11.3,23.2,13.1,15.8,135.0,5.3,16.2,19.5,15.2,47.0,28.2,7.9,2.6,5.3,7.9,2.6,58.4,48.0,98.9,62.9,25.9,3.5,12.8,14.9,61.8,98.7,100.5,98.7,24.3,2.6,0.0,100.5,True,True,Scrambled
74,1120629,15,20000497,1,2024,Giannis Antetokounmpo,MIL,PF,1,16858,17507,17507,83.0,Scrambled,Scrambled,,Scrambled,PF,PF/C,PF,5,15,20000015,Scrambled,19534,6,NY,2023-11-03T00:00:00,2023-11-03T19:30:00,HOME,True,20019534,20000006,2023-11-06T04:00:11,1,57.7,57,76,15.8,16.2,97.3,129.7,7.9,11.3,69.5,7.9,7.9,162.1,11.3,21.1,87.2,2.6,11.3,13.0,7.5,30.4,17.9,15.8,0.0,2.6,11.3,7.9,35.7,25.5,115.1,30.9,48.4,0.0,6.2,49.9,45.6,59.3,66.5,59.3,21.1,0.0,0.0,66.5,True,True,Scrambled
75,1119391,15,20000497,1,2024,Giannis Antetokounmpo,MIL,PF,1,17507,17831,17831,86.0,Scrambled,Scrambled,,Scrambled,PF,PF/C,PF,18,16,20000015,Scrambled,19659,10,TOR,2023-11-01T00:00:00,2023-11-01T19:00:00,AWAY,True,20019659,20000010,2023-11-04T04:00:10,1,37.0,44,66,13.1,17.8,73.8,73.8,13.1,17.8,73.8,0.0,0.0,0.0,15.8,14.6,108.1,7.9,2.6,10.5,20.1,12.3,14.2,5.3,2.6,0.0,7.9,7.9,25.9,24.3,86.4,26.8,21.3,4.8,0.0,27.1,48.2,38.6,39.7,38.6,-16.2,0.0,0.0,39.7,True,True,Scrambled
76,1118262,15,20000497,1,2024,Giannis Antetokounmpo,MIL,PF,1,18804,17831,17831,88.0,Scrambled,Scrambled,,Scrambled,PF/SF,PF/C,PF,31,29,20000015,Scrambled,19650,4,MIA,2023-10-30T00:00:00,2023-10-30T20:00:00,HOME,True,20019650,20000004,2023-11-02T04:00:12,1,72.0,50,83,19.5,34.0,92.6,92.6,17.8,29.2,99.0,2.6,7.9,54.0,13.0,17.8,117.8,2.6,15.8,11.3,9.4,35.7,20.6,5.3,0.0,2.6,5.3,7.9,53.5,41.9,102.9,57.0,18.9,0.0,7.6,11.6,59.5,73.6,75.0,73.6,29.2,0.0,0.0,75.0,True,True,Scrambled
77,1117801,15,20000497,1,2024,Giannis Antetokounmpo,MIL,PF,1,18804,17183,17183,88.0,Scrambled,Scrambled,,Scrambled,PF/SF,PF/C,PF,45,36,20000015,Scrambled,19640,3,ATL,2023-10-29T00:00:00,2023-10-29T19:00:00,HOME,True,20019640,20000003,2023-11-01T04:00:17,1,75.7,47,45,14.6,22.7,104.2,104.2,14.6,21.1,112.2,0.0,2.6,0.0,13.0,16.2,129.7,13.1,15.8,17.8,29.3,39.6,34.2,7.9,2.6,5.3,7.9,5.3,42.1,29.8,114.0,68.0,32.5,4.1,15.3,22.7,48.0,80.6,81.5,80.6,-17.8,2.6,0.0,81.5,True,True,Scrambled
78,1115887,15,20000497,1,2024,Giannis Antetokounmpo,MIL,PF,1,19452,16534,16534,89.0,Scrambled,Scrambled,,Scrambled,PF/SF,PF/C,PF,8,23,20000015,Scrambled,19607,7,PHI,2023-10-26T00:00:00,2023-10-26T19:30:00,HOME,True,20019607,20000007,2023-10-30T04:40:11,1,69.5,57,11,16.2,34.0,77.2,77.2,16.2,29.2,90.1,0.0,7.9,0.0,7.9,14.6,54.0,10.5,13.0,19.5,25.2,45.4,34.7,7.9,5.3,5.3,11.3,10.5,37.3,40.5,74.6,26.1,24.3,7.0,15.9,34.4,65.3,76.0,78.6,76.0,-21.1,2.6,0.0,78.6,True,True,Scrambled
