,StatID,TeamID,SeasonType,Season,FullTeamName,AbbreviatedTeamName,Wins,Losses,Possessions,GlobalTeamID,GameID,OpponentID,Opponent,Day,DateTime,HomeOrAway,IsGameOver,GlobalGameID,GlobalOpponentID,Updated,Games,FantasyPoints,Minutes,Seconds,FieldGoalsMade,FieldGoalsAttempted,FieldGoalsPercentage,EffectiveFieldGoalsPercentage,TwoPointersMade,TwoPointersAttempted,TwoPointersPercentage,ThreePointersMade,ThreePointersAttempted,ThreePointersPercentage,FreeThrowsMade,FreeThrowsAttempted,FreeThrowsPercentage,OffensiveRebounds,DefensiveRebounds,Rebounds,Assists,Steals,BlockedShots,Turnovers,PersonalFouls,Points,TrueShootingAttempts,TrueShootingPercentage,FantasyPointsFanDuel,FantasyPointsDraftKings,FantasyPointsYahoo,PlusMinus,DoubleDoubles,TripleDoubles,FantasyPointsFantasyDraft,IsClosed,LineupStatus
0,1251621,15,1,2024,Milwaukee Bucks,MIL,0,1,143.8,20000015,20593,5,ORL,2024-04-14T00:00:00,2024-04-14T13:00:00,AWAY,True,20020593,20000005,2024-04-17T04:00:09,1,251.3,368,0,46.0,115.0,61.4,69.5,35.3,73.6,73.5,10.7,41.4,39.7,32.2,35.3,140.1,10.7,41.4,52.2,24.5,15.3,9.4,26.1,27.6,135.0,130.6,79.5,272.7,274.6,272.7,-191.8,2.4,0.0,274.6,False,Scrambled
1,1250374,15,1,2024,Milwaukee Bucks,MIL,0,1,150.3,20000015,20738,18,OKC,2024-04-12T00:00:00,2024-04-12T20:00:00,AWAY,True,20020738,20000018,2024-04-15T04:00:09,1,308.2,368,0,64.4,130.4,75.8,86.7,47.6,84.4,86.5,16.9,46.0,56.3,18.4,19.9,141.6,12.3,52.2,64.4,41.4,10.7,7.1,26.1,23.0,164.1,139.2,90.7,323.5,332.9,323.5,-138.1,0.0,0.0,332.9,False,Scrambled
2,1248592,15,1,2024,Milwaukee Bucks,MIL,1,0,145.0,20000015,20721,5,ORL,2024-04-10T00:00:00,2024-04-10T20:00:00,HOME,True,20020721,20000005,2024-04-13T04:00:08,1,342.2,368,0,66.0,128.9,78.5,91.3,43.0,67.5,97.6,23.0,61.4,57.5,24.5,30.7,122.7,15.3,50.6,66.0,41.4,13.8,9.4,18.4,30.7,179.5,142.4,96.5,362.2,366.2,362.2,138.1,0.0,0.0,366.2,False,Scrambled
3,1247535,15,1,2024,Milwaukee Bucks,MIL,1,0,136.1,20000015,20707,9,BOS,2024-04-09T00:00:00,2024-04-09T19:30:00,HOME,True,20020707,20000009,2024-04-12T04:00:10,1,325.7,367,86,66.0,124.3,81.5,98.5,39.9,69.0,88.7,26.1,55.2,72.4,2.4,4.7,76.7,15.3,59.8,75.2,44.5,14.1,11.8,24.5,9.4,159.5,125.6,97.3,342.5,359.3,342.5,99.7,4.7,0.0,359.3,False,Scrambled
4,1246454,15,1,2024,Milwaukee Bucks,MIL,0,1,139.3,20000015,20698,6,NY,2024-04-07T00:00:00,2024-04-07T19:00:00,HOME,True,20020698,20000006,2024-04-10T04:00:09,1,308.5,368,0,53.7,115.0,71.6,83.9,35.3,62.9,86.1,18.4,52.2,54.2,41.4,49.1,129.5,13.8,44.5,58.3,41.4,7.1,10.7,21.5,24.5,167.2,136.6,93.9,323.8,333.6,323.8,-99.7,2.4,0.0,333.6,False,Scrambled
5,1244144,15,1,2024,Milwaukee Bucks,MIL,0,1,154.4,20000015,20681,10,TOR,2024-04-05T00:00:00,2024-04-05T20:00:00,HOME,True,20020681,20000010,2024-04-08T04:00:10,1,324.4,368,0,62.9,144.2,66.9,76.7,44.5,79.8,85.6,18.4,64.4,43.9,26.1,32.2,124.3,18.4,50.6,69.0,32.2,12.3,14.1,19.9,36.8,170.3,158.4,82.7,345.9,349.4,345.9,-46.0,2.4,0.0,349.4,False,Scrambled
6,1242100,15,1,2024,Milwaukee Bucks,MIL,0,1,144.0,20000015,20666,21,MEM,2024-04-03T00:00:00,2024-04-03T20:00:00,HOME,True,20020666,20000021,2024-04-06T04:00:10,1,324.9,368,0,58.3,145.7,61.4,75.9,30.7,78.2,60.1,27.6,67.5,62.7,10.7,18.4,89.4,19.9,47.6,67.5,39.9,11.8,15.3,16.9,21.5,154.9,153.8,77.0,347.9,352.8,347.9,-76.7,2.4,0.0,352.8,False,Scrambled
7,1240422,15,1,2024,Milwaukee Bucks,MIL,0,1,158.6,20000015,20654,1,WAS,2024-04-02T00:00:00,2024-04-02T19:00:00,AWAY,True,20020654,20000001,2024-04-05T04:00:10,1,374.1,367,89,69.0,158.0,67.0,74.4,52.2,84.4,94.8,16.9,73.6,35.1,18.4,27.6,102.3,27.6,59.8,87.4,47.6,12.3,14.1,18.4,26.1,173.3,170.2,78.1,395.6,405.4,395.6,-30.7,4.7,2.4,403.1,False,Scrambled
8,1237434,15,1,2024,Milwaukee Bucks,MIL,1,0,149.4,20000015,20635,3,ATL,2024-03-30T00:00:00,2024-03-30T19:30:00,AWAY,True,20020635,20000003,2024-04-02T04:00:09,1,344.4,368,0,66.0,119.7,84.5,92.5,53.7,76.7,107.4,12.3,43.0,43.9,43.0,53.7,122.7,14.1,52.2,61.4,41.4,10.7,11.8,15.3,27.6,187.1,143.3,100.0,362.8,363.6,362.8,69.0,2.4,0.0,363.6,False,Scrambled
9,1235321,15,1,2024,Milwaukee Bucks,MIL,0,1,150.4,20000015,20620,23,NO,2024-03-28T00:00:00,2024-03-28T20:00:00,AWAY,True,20020620,20000023,2024-03-31T04:00:12,1,280.3,367,89,58.3,125.8,71.0,84.2,36.8,66.0,85.6,21.5,59.8,55.1,15.3,29.1,80.7,11.8,62.9,70.6,32.2,2.4,9.4,21.5,38.4,153.4,138.6,84.7,287.9,307.6,287.9,-53.7,2.4,0.0,307.6,False,Scrambled
10,1233239,15,1,2024,Milwaukee Bucks,MIL,0,1,187.1,20000015,20604,27,LAL,2024-03-26T00:00:00,2024-03-26T19:30:00,HOME,True,20020604,20000027,2024-03-29T04:00:10,1,409.1,425,66,75.2,182.5,63.2,72.3,52.2,104.3,76.7,23.0,78.2,45.1,16.9,26.1,99.2,23.0,70.6,93.6,56.8,13.8,11.8,21.5,39.9,190.2,194.0,75.2,430.6,445.2,430.6,-10.7,4.7,2.4,442.9,False,Scrambled
11,1230672,15,1,2024,Milwaukee Bucks,MIL,1,0,149.9,20000015,20573,18,OKC,2024-03-24T00:00:00,2024-03-24T19:00:00,HOME,True,20020573,20000018,2024-03-27T04:00:08,1,374.1,368,0,75.2,141.1,81.8,90.0,58.3,89.0,100.5,16.9,52.2,49.7,13.8,21.5,98.6,23.0,64.4,87.4,50.6,10.7,11.8,24.5,32.2,181.0,150.6,92.3,392.6,408.4,392.6,191.8,4.7,2.4,406.1,False,Scrambled
12,1227814,15,1,2024,Milwaukee Bucks,MIL,1,0,144.4,20000015,20550,8,BKN,2024-03-21T00:00:00,2024-03-21T20:00:00,HOME,True,20020550,20000008,2024-03-24T04:00:10,1,324.4,367,89,66.0,139.6,72.6,85.9,41.4,76.7,82.8,24.5,62.9,59.8,19.9,23.0,133.0,16.9,44.5,61.4,41.4,11.8,9.4,15.3,26.1,176.4,149.7,90.5,338.2,349.8,338.2,53.7,2.4,0.0,349.8,False,Scrambled
13,1226675,15,1,2024,Milwaukee Bucks,MIL,0,1,142.8,20000015,20541,9,BOS,2024-03-20T00:00:00,2024-03-20T19:30:00,AWAY,True,20020541,20000009,2024-03-23T04:00:09,1,310.2,368,0,69.0,128.9,82.2,98.6,43.0,75.2,87.6,26.1,53.7,74.6,18.4,21.5,131.5,13.8,49.1,62.9,30.7,7.1,14.1,21.5,38.4,182.5,138.3,101.4,324.0,339.4,324.0,-23.0,2.4,0.0,339.4,False,Scrambled
14,1223588,15,1,2024,Milwaukee Bucks,MIL,1,0,149.7,20000015,20519,29,PHO,2024-03-17T00:00:00,2024-03-17T13:00:00,HOME,True,20020519,20000029,2024-03-20T04:00:09,1,384.3,368,0,78.2,144.2,83.3,102.8,41.4,81.3,78.1,36.8,62.9,89.7,21.5,21.5,153.4,15.3,38.4,53.7,53.7,16.9,4.7,15.3,18.4,214.8,153.6,107.4,404.2,417.6,404.2,84.4,4.7,0.0,417.6,False,Scrambled
15,1220358,15,1,2024,Milwaukee Bucks,MIL,1,0,135.9,20000015,20501,7,PHI,2024-03-14T00:00:00,2024-03-14T20:00:00,HOME,True,20020501,20000007,2024-03-17T04:00:09,1,318.9,368,0,59.8,110.4,83.1,100.2,35.3,55.2,98.0,24.5,55.2,68.1,30.7,36.8,127.8,14.1,47.6,56.8,44.5,14.1,9.4,21.5,21.5,174.9,126.6,106.0,334.3,347.1,334.3,69.0,2.4,0.0,347.1,False,Scrambled
16,1218474,15,1,2024,Milwaukee Bucks,MIL,0,1,152.2,20000015,20488,30,SAC,2024-03-12T00:00:00,2024-03-12T22:00:00,AWAY,True,20020488,20000030,2024-03-15T04:00:09,1,273.5,368,0,46.0,125.8,56.1,63.7,35.3,66.0,82.1,10.7,59.8,27.5,41.4,53.7,118.3,15.3,52.2,67.5,35.3,7.1,4.7,19.9,27.6,144.2,149.4,73.9,281.2,294.5,281.2,-268.4,2.4,0.0,294.5,False,Scrambled
17,1216378,15,1,2024,Milwaukee Bucks,MIL,1,0,149.3,20000015,20467,28,LAC,2024-03-10T00:00:00,2024-03-10T15:00:00,AWAY,True,20020467,20000028,2024-03-13T04:00:09,1,353.1,368,0,66.0,133.5,75.8,91.7,39.9,75.2,81.5,26.1,58.3,68.6,32.2,41.4,119.3,10.7,52.2,62.9,43.0,11.8,14.1,10.7,23.0,190.2,151.7,96.0,370.0,379.3,370.0,53.7,4.7,0.0,379.3,False,Scrambled
18,1214517,15,1,2024,Milwaukee Bucks,MIL,0,1,150.6,20000015,20458,27,LAL,2024-03-08T00:00:00,2024-03-08T22:00:00,AWAY,True,20020458,20000027,2024-03-11T04:00:08,1,336.9,368,0,70.6,142.7,75.9,89.1,46.0,79.8,88.5,24.5,62.9,59.8,21.5,26.1,126.4,14.1,56.8,66.0,43.0,7.1,4.7,14.1,26.1,187.1,154.1,93.1,344.5,366.2,344.5,-7.7,4.7,2.4,363.9,False,Scrambled
19,1211907,15,1,2024,Milwaukee Bucks,MIL,0,1,154.5,20000015,20442,26,GS,2024-03-06T00:00:00,2024-03-06T22:00:00,AWAY,True,20020442,20000026,2024-03-09T04:00:09,1,264.9,368,0,52.2,136.5,58.6,68.9,35.3,76.7,70.6,16.9,59.8,43.3,16.9,23.0,112.4,14.1,46.0,55.2,29.1,12.3,11.8,23.0,15.3,138.1,146.7,72.3,284.9,287.6,284.9,-268.4,0.0,0.0,287.6,False,Scrambled
20,1209573,15,1,2024,Milwaukee Bucks,MIL,1,0,148.6,20000015,20423,28,LAC,2024-03-04T00:00:00,2024-03-04T20:00:00,HOME,True,20020423,20000028,2024-03-07T04:00:09,1,320.9,368,0,56.8,119.7,72.7,86.5,33.7,61.4,84.4,23.0,58.3,60.6,36.8,43.0,131.5,10.7,59.8,70.6,30.7,12.3,7.1,16.9,30.7,173.3,138.6,95.7,337.8,346.7,337.8,53.7,2.4,0.0,346.7,False,Scrambled
21,1207086,15,1,2024,Milwaukee Bucks,MIL,1,0,145.6,20000015,20407,11,CHI,2024-03-01T00:00:00,2024-03-01T22:00:00,AWAY,True,20020407,20000011,2024-03-04T04:00:09,1,337.2,368,0,56.8,131.9,66.0,78.5,33.7,61.4,84.4,23.0,70.6,50.0,36.8,49.1,115.0,16.9,58.3,75.2,33.7,10.7,9.4,10.7,27.6,173.3,153.5,86.7,354.0,360.1,354.0,122.7,2.4,0.0,360.1,False,Scrambled
22,1205739,15,1,2024,Milwaukee Bucks,MIL,1,0,141.4,20000015,20392,2,CHA,2024-02-29T00:00:00,2024-02-29T19:00:00,AWAY,True,20020392,20000002,2024-03-08T05:20:16,1,325.7,368,0,59.8,131.9,69.5,83.9,35.3,72.1,75.0,24.5,59.8,62.9,26.1,30.7,130.4,12.3,55.2,67.5,32.2,13.8,7.1,10.7,27.6,170.3,145.4,89.6,344.1,351.3,344.1,92.0,4.7,0.0,351.3,False,Scrambled
23,1203929,15,1,2024,Milwaukee Bucks,MIL,1,0,144.3,20000015,20383,2,CHA,2024-02-27T00:00:00,2024-02-27T20:00:00,HOME,True,20020383,20000002,2024-03-01T04:00:08,1,366.2,368,0,70.6,136.5,79.3,93.1,46.0,75.2,93.9,24.5,61.4,61.4,23.0,27.6,127.8,16.9,61.4,78.2,44.5,10.7,7.1,13.8,26.1,188.7,148.7,97.3,381.5,389.3,381.5,291.5,0.0,0.0,389.3,False,Scrambled
24,1201756,15,1,2024,Milwaukee Bucks,MIL,1,0,147.2,20000015,20360,7,PHI,2024-02-25T00:00:00,2024-02-25T13:00:00,AWAY,True,20020360,20000007,2024-02-28T04:00:09,1,364.2,368,0,66.0,121.2,83.4,100.9,38.4,64.4,91.3,27.6,56.8,74.6,23.0,27.6,127.8,10.7,61.4,72.1,49.1,14.1,15.3,27.6,19.9,182.5,133.3,104.9,388.7,397.7,388.7,161.1,2.4,0.0,397.7,False,Scrambled
25,1200168,15,1,2024,Milwaukee Bucks,MIL,1,0,148.5,20000015,20351,16,MIN,2024-02-23T00:00:00,2024-02-23T22:00:00,AWAY,True,20020351,20000016,2024-02-26T04:00:09,1,341.2,367,91,62.9,133.5,72.3,84.7,43.0,76.7,85.9,19.9,56.8,53.8,26.1,38.4,104.3,16.9,55.2,72.1,36.8,15.3,9.4,15.3,27.6,171.8,150.3,87.6,362.6,367.0,362.6,38.4,4.7,0.0,367.0,False,Scrambled
26,1195968,15,1,2024,Milwaukee Bucks,MIL,0,1,151.4,20000015,20333,21,MEM,2024-02-15T00:00:00,2024-02-15T20:30:00,AWAY,True,20020333,20000021,2024-02-18T04:00:09,1,331.0,368,0,64.4,138.1,71.6,81.8,47.6,70.6,103.4,16.9,67.5,38.4,23.0,30.7,115.0,16.9,50.6,67.5,36.8,15.3,11.8,19.9,33.7,168.7,151.6,85.3,354.0,357.4,354.0,-23.0,4.7,0.0,357.4,False,Scrambled
27,1193893,15,1,2024,Milwaukee Bucks,MIL,0,1,153.6,20000015,20316,4,MIA,2024-02-13T00:00:00,2024-02-13T20:00:00,HOME,True,20020316,20000004,2024-02-16T04:00:08,1,283.2,368,0,56.8,127.3,68.4,81.3,36.8,67.5,83.6,19.9,59.8,51.1,15.3,16.9,139.4,11.8,50.6,58.3,36.8,12.3,9.4,27.6,18.4,148.8,134.7,84.5,301.6,312.2,301.6,-199.4,2.4,0.0,312.2,False,Scrambled
28,1193417,15,1,2024,Milwaukee Bucks,MIL,1,0,149.0,20000015,20310,20,DEN,2024-02-12T00:00:00,2024-02-12T20:00:00,HOME,True,20020310,20000020,2024-02-15T04:00:08,1,359.3,368,0,64.4,128.9,76.7,91.3,39.9,76.7,79.8,24.5,52.2,72.3,18.4,27.6,102.3,13.8,64.4,78.2,46.0,12.3,14.1,18.4,29.1,171.8,141.0,93.4,380.7,387.0,380.7,130.4,2.4,0.0,387.0,False,Scrambled
29,1191902,15,1,2024,Milwaukee Bucks,MIL,1,0,147.4,20000015,20288,2,CHA,2024-02-09T00:00:00,2024-02-09T20:00:00,HOME,True,20020288,20000002,2024-02-12T04:00:09,1,373.7,368,0,62.9,144.2,66.9,81.6,35.3,64.4,84.1,27.6,79.8,53.1,30.7,36.8,127.8,15.3,66.0,81.3,39.9,12.3,11.8,11.8,36.8,184.1,160.4,88.1,393.6,397.7,393.6,276.1,2.4,0.0,397.7,False,Scrambled
30,1191279,15,1,2024,Milwaukee Bucks,MIL,0,1,136.2,20000015,20281,16,MIN,2024-02-08T00:00:00,2024-02-08T20:00:00,HOME,True,20020281,20000016,2024-02-11T04:00:11,1,313.7,368,0,61.4,124.3,75.8,89.0,39.9,73.6,83.1,21.5,50.6,65.0,16.9,24.5,105.5,15.3,38.4,53.7,53.7,14.1,7.1,19.9,15.3,161.1,135.1,91.6,327.5,337.1,327.5,-184.1,0.0,0.0,337.1,False,Scrambled
31,1189964,15,1,2024,Milwaukee Bucks,MIL,0,1,155.9,20000015,20268,29,PHO,2024-02-06T00:00:00,2024-02-06T22:00:00,AWAY,True,20020268,20000029,2024-02-09T04:00:12,1,321.1,368,0,59.8,138.1,66.4,78.4,39.9,76.7,79.8,19.9,61.4,49.9,23.0,38.4,92.0,15.3,52.2,67.5,35.3,15.3,9.4,18.4,32.2,162.6,154.9,80.5,342.5,345.9,342.5,-61.4,2.4,0.0,345.9,False,Scrambled
32,1188140,15,1,2024,Milwaukee Bucks,MIL,0,1,150.7,20000015,20254,17,UTA,2024-02-04T00:00:00,2024-02-04T20:00:00,AWAY,True,20020254,20000017,2024-02-07T04:00:10,1,303.6,368,0,59.8,128.9,71.2,84.1,36.8,66.0,85.6,23.0,62.9,56.1,23.0,38.4,92.0,10.7,38.4,49.1,41.4,12.3,7.1,16.9,32.2,165.7,145.7,87.1,320.5,328.3,320.5,-115.0,2.4,0.0,328.3,False,Scrambled
33,1187125,15,1,2024,Milwaukee Bucks,MIL,1,0,158.0,20000015,20245,25,DAL,2024-02-03T00:00:00,2024-02-03T20:30:00,AWAY,True,20020245,20000025,2024-02-06T04:00:09,1,371.5,368,0,76.7,135.0,87.1,97.6,58.3,89.0,100.5,18.4,46.0,61.4,26.1,38.4,104.3,11.8,47.6,55.2,52.2,19.9,4.7,16.9,32.2,197.9,151.9,100.0,394.5,396.5,394.5,92.0,4.7,0.0,396.5,False,Scrambled
34,1185019,15,1,2024,Milwaukee Bucks,MIL,0,1,149.8,20000015,20226,19,POR,2024-01-31T00:00:00,2024-01-31T22:00:00,AWAY,True,20020226,20000019,2024-02-03T04:00:10,1,328.7,368,0,69.0,141.1,75.0,86.7,49.1,72.1,104.5,19.9,69.0,44.3,19.9,27.6,110.8,15.3,44.5,59.8,41.4,10.7,11.8,19.9,26.1,177.9,153.3,89.0,347.1,351.7,347.1,-23.0,0.0,0.0,351.7,False,Scrambled
35,1183272,15,1,2024,Milwaukee Bucks,MIL,0,1,150.2,20000015,20210,20,DEN,2024-01-29T00:00:00,2024-01-29T21:00:00,AWAY,True,20020210,20000020,2024-02-01T04:00:09,1,305.3,368,0,55.2,128.9,65.8,80.4,30.7,67.5,69.8,24.5,61.4,61.4,29.1,38.4,116.6,10.7,50.6,61.4,36.8,7.1,10.7,18.4,33.7,164.1,145.7,86.4,320.6,332.1,320.6,-46.0,2.4,0.0,332.1,False,Scrambled
36,1181517,15,1,2024,Milwaukee Bucks,MIL,1,0,159.5,20000015,20191,23,NO,2024-01-27T00:00:00,2024-01-27T20:00:00,HOME,True,20020191,20000023,2024-01-30T04:00:11,1,391.2,368,0,78.2,139.6,85.9,102.8,47.6,70.6,103.4,30.7,69.0,68.1,29.1,38.4,116.6,14.1,59.8,69.0,46.0,18.4,0.0,13.8,38.4,216.3,156.5,106.0,409.6,419.2,409.6,184.1,2.4,0.0,419.2,False,Scrambled
37,1180523,15,1,2024,Milwaukee Bucks,MIL,0,1,155.0,20000015,20182,12,CLE,2024-01-26T00:00:00,2024-01-26T20:00:00,HOME,True,20020182,20000012,2024-01-27T00:45:43,1,298.7,368,0,53.7,133.5,61.7,74.1,33.7,81.3,63.7,19.9,52.2,58.6,26.1,36.8,108.6,18.4,59.8,78.2,32.2,14.1,9.4,27.6,36.8,153.4,149.7,78.7,314.0,331.0,314.0,-92.0,4.7,0.0,331.0,False,Scrambled
38,1178804,15,1,2024,Milwaukee Bucks,MIL,1,0,155.8,20000015,20167,12,CLE,2024-01-24T00:00:00,2024-01-24T20:00:00,HOME,True,20020167,20000012,2024-01-27T04:00:09,1,353.1,368,0,69.0,138.1,76.7,85.3,52.2,93.6,85.4,16.9,44.5,58.1,38.4,43.0,137.0,15.3,55.2,70.6,36.8,13.8,7.1,16.9,24.5,193.3,157.0,94.3,371.5,380.4,371.5,76.7,2.4,2.4,378.1,False,Scrambled
39,1177247,15,1,2024,Milwaukee Bucks,MIL,1,0,159.6,20000015,20149,14,DET,2024-01-22T00:00:00,2024-01-22T19:00:00,AWAY,True,20020149,20000014,2024-01-25T04:00:09,1,369.4,368,0,64.4,144.2,68.6,76.7,49.1,84.4,89.3,15.3,59.8,39.3,43.0,52.2,126.4,15.3,59.8,75.2,39.9,10.7,12.3,13.8,33.7,187.1,167.1,85.9,392.4,396.9,392.4,69.0,4.7,2.4,394.6,False,Scrambled
40,1175644,15,1,2024,Milwaukee Bucks,MIL,1,0,162.2,20000015,20135,14,DET,2024-01-20T00:00:00,2024-01-20T15:00:00,AWAY,True,20020135,20000014,2024-01-23T04:00:09,1,397.0,368,0,72.1,130.4,84.8,95.7,53.7,81.3,101.2,18.4,49.1,57.5,53.7,75.2,109.5,12.3,62.9,75.2,46.0,14.1,14.1,15.3,27.6,216.3,163.5,101.6,415.4,424.5,415.4,46.0,7.1,0.0,424.5,False,Scrambled
41,1173147,15,1,2024,Milwaukee Bucks,MIL,0,1,151.5,20000015,20115,12,CLE,2024-01-17T00:00:00,2024-01-17T19:30:00,AWAY,True,20020115,20000012,2024-01-20T04:00:10,1,277.2,368,0,58.3,145.7,61.4,71.0,39.9,81.3,75.3,18.4,64.4,43.9,10.7,15.3,107.4,13.8,41.4,55.2,29.1,14.1,14.1,15.3,27.6,145.7,152.5,73.2,295.6,296.8,295.6,-306.8,0.0,0.0,296.8,False,Scrambled
42,1171018,15,1,2024,Milwaukee Bucks,MIL,1,0,172.3,20000015,20095,30,SAC,2024-01-14T00:00:00,2024-01-14T19:00:00,HOME,True,20020095,20000030,2024-01-17T04:00:09,1,368.9,407,0,73.6,141.1,80.1,96.6,43.0,75.2,87.6,30.7,66.0,71.3,41.4,49.1,129.5,9.4,55.2,61.4,47.6,11.8,7.1,19.9,33.7,219.4,162.7,103.5,381.2,406.5,381.2,11.8,4.7,2.4,404.2,False,Scrambled
43,1170281,15,1,2024,Milwaukee Bucks,MIL,1,0,149.4,20000015,20088,26,GS,2024-01-13T00:00:00,2024-01-13T20:00:00,HOME,True,20020088,20000026,2024-01-16T04:00:10,1,381.2,368,0,78.2,144.2,83.3,94.6,58.3,96.6,92.5,19.9,47.6,64.3,21.5,26.1,126.4,21.5,55.2,76.7,50.6,14.1,11.8,18.4,23.0,197.9,155.7,97.4,398.1,408.8,398.1,84.4,4.7,0.0,408.8,False,Scrambled
44,1168569,15,1,2024,Milwaukee Bucks,MIL,1,0,149.5,20000015,20071,9,BOS,2024-01-11T00:00:00,2024-01-11T19:30:00,HOME,True,20020071,20000009,2024-01-14T04:00:12,1,398.5,368,0,79.8,141.1,86.7,101.7,52.2,76.7,104.3,27.6,64.4,65.8,19.9,24.5,124.6,18.4,64.4,82.8,52.2,7.1,14.1,13.8,33.7,207.1,151.9,104.6,412.3,428.0,412.3,253.1,4.7,0.0,428.0,False,Scrambled
45,1166322,15,1,2024,Milwaukee Bucks,MIL,0,1,149.0,20000015,20053,17,UTA,2024-01-08T00:00:00,2024-01-08T20:00:00,HOME,True,20020053,20000017,2024-01-11T06:43:47,1,342.2,367,84,64.4,144.2,68.6,81.6,38.4,89.0,66.1,26.1,55.2,72.4,23.0,29.1,121.0,16.9,41.4,58.3,47.6,14.1,14.1,13.8,30.7,177.9,157.0,86.8,360.6,372.0,360.6,-122.7,2.4,2.4,369.7,False,Scrambled
46,1164802,15,1,2024,Milwaukee Bucks,MIL,0,1,151.5,20000015,20039,22,HOU,2024-01-06T00:00:00,2024-01-06T20:00:00,AWAY,True,20020039,20000022,2024-01-09T04:00:10,1,304.0,368,0,53.7,116.6,70.7,80.7,39.9,64.4,95.0,13.8,52.2,40.7,44.5,64.4,105.8,9.4,56.8,62.9,30.7,10.7,9.4,16.9,36.8,165.7,144.9,87.6,320.9,324.8,320.9,-30.7,2.4,0.0,324.8,False,Scrambled
47,1163211,15,1,2024,Milwaukee Bucks,MIL,1,0,157.4,20000015,20020,24,SA,2024-01-04T00:00:00,2024-01-04T19:30:00,AWAY,True,20020020,20000024,2024-01-07T04:00:09,1,340.4,368,0,75.2,141.1,81.8,91.7,56.8,89.0,97.9,18.4,52.2,54.2,23.0,29.1,121.0,12.3,52.2,64.4,41.4,11.8,11.8,21.5,24.5,191.8,154.0,95.4,355.7,368.2,355.7,30.7,4.7,0.0,368.2,False,Scrambled
48,1162287,15,1,2024,Milwaukee Bucks,MIL,0,1,163.6,20000015,20009,13,IND,2024-01-03T00:00:00,2024-01-03T19:00:00,AWAY,True,20020009,20000013,2024-01-06T04:00:09,1,356.5,368,0,70.6,141.1,76.7,88.4,49.1,84.4,89.3,21.5,56.8,58.0,36.8,49.1,115.0,15.3,49.1,64.4,46.0,14.1,9.4,19.9,38.4,199.4,162.7,94.0,371.8,382.7,371.8,-92.0,2.4,0.0,382.7,False,Scrambled
49,1160625,15,1,2024,Milwaukee Bucks,MIL,0,1,159.8,20000015,19997,13,IND,2024-01-01T00:00:00,2024-01-01T20:00:00,HOME,True,20019997,20000013,2024-01-04T04:00:10,1,340.1,368,0,62.9,142.7,67.6,75.9,47.6,81.3,89.7,15.3,61.4,38.4,32.2,39.9,123.9,12.3,58.3,70.6,41.4,9.4,12.3,16.9,39.9,173.3,160.2,83.0,358.5,366.6,358.5,-69.0,2.4,2.4,364.3,False,Scrambled
50,1158406,15,1,2024,Milwaukee Bucks,MIL,1,0,157.6,20000015,19976,12,CLE,2023-12-29T00:00:00,2023-12-29T19:30:00,AWAY,True,20019976,20000012,2024-01-01T04:00:13,1,329.2,368,0,62.9,122.7,78.5,90.2,44.5,78.2,87.3,18.4,44.5,63.5,38.4,43.0,137.0,10.7,55.2,66.0,39.9,11.8,14.1,26.1,23.0,182.5,141.6,98.6,346.1,359.3,346.1,61.4,4.7,0.0,359.3,False,Scrambled
51,1156591,15,1,2024,Milwaukee Bucks,MIL,1,0,154.2,20000015,19960,8,BKN,2023-12-27T00:00:00,2023-12-27T19:30:00,AWAY,True,20019960,20000008,2023-12-30T04:00:09,1,418.3,368,0,79.8,136.5,89.6,110.3,44.5,58.3,117.0,35.3,78.2,69.2,26.1,35.3,113.4,12.3,50.6,62.9,62.9,14.1,12.3,15.3,27.6,220.9,152.1,111.5,439.8,451.4,439.8,168.7,4.7,0.0,451.4,False,Scrambled
52,1154955,15,1,2024,Milwaukee Bucks,MIL,0,1,154.9,20000015,19944,6,NY,2023-12-25T00:00:00,2023-12-25T12:00:00,AWAY,True,20019944,20000006,2023-12-28T04:00:09,1,344.8,368,0,69.0,145.7,72.7,83.9,49.1,81.3,92.7,19.9,64.4,47.6,29.1,36.8,121.5,26.1,41.4,67.5,39.9,10.7,9.4,16.9,35.3,187.1,161.9,88.7,361.7,368.9,361.7,-53.7,2.4,0.0,368.9,False,Scrambled
53,1153733,15,1,2024,Milwaukee Bucks,MIL,1,0,154.7,20000015,19931,6,NY,2023-12-23T00:00:00,2023-12-23T12:30:00,AWAY,True,20019931,20000006,2023-12-26T04:00:10,1,351.4,368,0,73.6,139.6,80.8,94.3,49.1,90.5,83.1,24.5,49.1,76.7,27.6,35.3,120.1,18.4,62.9,81.3,38.4,9.4,4.7,21.5,33.7,199.4,155.1,98.8,360.6,380.8,360.6,145.7,2.4,0.0,380.8,False,Scrambled
54,1152194,15,1,2024,Milwaukee Bucks,MIL,1,0,157.3,20000015,19921,5,ORL,2023-12-21T00:00:00,2023-12-21T20:00:00,HOME,True,20019921,20000005,2023-12-24T04:00:10,1,342.4,368,0,58.3,138.1,64.7,75.0,41.4,81.3,78.1,16.9,56.8,45.6,47.6,53.7,135.9,15.3,62.9,78.2,39.9,7.1,14.1,19.9,33.7,181.0,161.7,85.8,356.2,367.0,356.2,30.7,2.4,0.0,367.0,False,Scrambled
55,1150331,15,1,2024,Milwaukee Bucks,MIL,1,0,167.1,20000015,19904,24,SA,2023-12-19T00:00:00,2023-12-19T20:00:00,HOME,True,20019904,20000024,2023-12-22T04:00:09,1,413.3,368,0,76.7,162.6,72.4,85.4,49.1,87.4,86.1,27.6,75.2,56.3,21.5,27.6,119.3,16.9,55.2,72.1,52.2,16.9,10.7,14.1,23.0,202.5,174.8,88.8,440.9,444.5,440.9,99.7,4.7,2.4,442.2,False,Scrambled
56,1148637,15,1,2024,Milwaukee Bucks,MIL,1,0,149.0,20000015,19889,22,HOU,2023-12-17T00:00:00,2023-12-17T19:00:00,HOME,True,20019889,20000022,2023-12-20T04:00:11,1,330.9,368,0,69.0,138.1,76.7,88.7,49.1,82.8,91.0,19.9,55.2,55.4,38.4,49.1,119.8,24.5,46.0,70.6,38.4,9.4,2.4,23.0,35.3,196.4,159.7,94.3,338.6,360.5,338.6,69.0,4.7,0.0,360.5,False,Scrambled
57,1147889,15,1,2024,Milwaukee Bucks,MIL,1,0,159.9,20000015,19877,14,DET,2023-12-16T00:00:00,2023-12-16T18:00:00,HOME,True,20019877,20000014,2023-12-19T04:00:09,1,387.8,368,0,76.7,135.0,87.1,104.6,47.6,70.6,103.4,29.1,64.4,69.3,41.4,49.1,129.5,12.3,62.9,75.2,36.8,11.8,12.3,21.5,36.8,224.0,156.6,109.8,407.7,419.2,407.7,245.4,2.4,0.0,419.2,False,Scrambled
58,1145366,15,1,2024,Milwaukee Bucks,MIL,1,0,169.6,20000015,19858,13,IND,2023-12-13T00:00:00,2023-12-13T20:00:00,HOME,True,20019858,20000013,2023-12-22T05:32:29,1,382.1,368,0,73.6,136.5,82.7,89.6,62.9,95.1,101.4,10.7,41.4,39.7,56.8,73.6,118.3,18.4,47.6,66.0,41.4,12.3,12.3,23.0,36.8,214.8,168.9,97.6,406.7,404.6,406.7,107.4,2.4,0.0,404.6,False,Scrambled
59,1143555,15,1,2024,Milwaukee Bucks,MIL,1,0,163.6,20000015,19843,11,CHI,2023-12-11T00:00:00,2023-12-11T20:00:00,HOME,True,20019843,20000011,2023-12-14T04:00:12,1,381.4,407,0,67.5,131.9,78.5,92.8,44.5,75.2,90.8,23.0,56.8,62.1,46.0,56.8,124.4,14.1,64.4,73.6,52.2,11.8,9.4,16.9,32.2,204.0,156.9,99.6,395.2,409.6,395.2,30.7,4.7,0.0,409.6,False,Scrambled
60,1140658,15,1,2024,Milwaukee Bucks,MIL,0,1,160.3,20000015,20839,13,IND,2023-12-07T00:00:00,2023-12-07T17:00:00,HOME,True,20020839,20000013,2023-12-10T04:00:13,1,329.3,368,0,66.0,147.3,68.7,78.2,47.6,96.6,75.5,18.4,50.6,55.8,32.2,43.0,115.0,18.4,52.2,70.6,29.1,7.1,13.8,18.4,26.1,182.5,166.2,84.1,347.8,353.6,347.8,-69.0,2.4,0.0,353.6,False,Scrambled
61,1138864,15,1,2024,Milwaukee Bucks,MIL,1,0,152.4,20000015,20815,6,NY,2023-12-05T00:00:00,2023-12-05T19:30:00,HOME,True,20020815,20000006,2023-12-08T04:00:10,1,402.5,368,0,84.4,139.6,92.7,111.2,49.1,81.3,92.7,35.3,58.3,92.8,19.9,29.1,104.9,18.4,38.4,56.8,49.1,18.4,14.1,18.4,35.3,224.0,152.4,112.6,430.1,434.5,430.1,184.1,2.4,0.0,434.5,False,Scrambled
62,1137098,15,1,2024,Milwaukee Bucks,MIL,1,0,156.0,20000015,19829,3,ATL,2023-12-02T00:00:00,2023-12-02T20:00:00,HOME,True,20019829,20000003,2023-12-05T04:00:11,1,370.2,368,0,81.3,136.5,91.4,103.4,59.8,85.9,106.8,21.5,50.6,65.0,18.4,23.0,122.7,12.3,55.2,67.5,50.6,11.8,14.1,23.0,29.1,202.5,146.7,106.0,387.0,405.0,387.0,84.4,4.7,2.4,402.7,False,Scrambled
63,1136400,15,1,2024,Milwaukee Bucks,MIL,0,1,171.1,20000015,19812,11,CHI,2023-11-30T00:00:00,2023-11-30T20:00:00,AWAY,True,20019812,20000011,2023-12-03T04:00:10,1,341.5,407,0,67.5,150.3,68.9,81.5,43.0,76.7,85.9,24.5,73.6,51.1,13.8,19.9,106.2,13.8,52.2,66.0,43.0,18.4,14.1,30.7,32.2,173.3,159.1,83.8,369.1,377.0,369.1,-53.7,4.7,0.0,377.0,False,Scrambled
64,1134658,15,1,2024,Milwaukee Bucks,MIL,1,0,151.4,20000015,19588,4,MIA,2023-11-28T00:00:00,2023-11-28T19:30:00,AWAY,True,20019588,20000004,2023-12-01T04:00:10,1,351.3,367,91,72.1,135.0,81.9,94.2,52.2,81.3,98.5,19.9,53.7,56.9,36.8,41.4,136.4,12.3,56.8,69.0,39.9,7.1,9.4,13.8,32.2,201.0,153.2,100.5,362.0,376.2,362.0,53.7,4.7,0.0,376.2,False,Scrambled
65,1133983,15,1,2024,Milwaukee Bucks,MIL,1,0,152.3,20000015,19788,19,POR,2023-11-26T00:00:00,2023-11-26T15:30:00,HOME,True,20019788,20000019,2023-12-21T04:26:05,1,352.7,367,89,53.7,136.5,60.3,72.4,32.2,72.1,68.6,21.5,64.4,51.1,36.8,49.1,115.0,27.6,52.2,79.8,29.1,19.9,16.9,26.1,30.7,165.7,158.1,80.4,389.5,382.7,389.5,46.0,2.4,0.0,382.7,False,Scrambled
66,1133411,15,1,2024,Milwaukee Bucks,MIL,1,0,158.8,20000015,19581,1,WAS,2023-11-24T00:00:00,2023-11-24T20:00:00,HOME,True,20019581,20000001,2023-12-21T04:22:50,1,380.4,367,89,73.6,141.1,80.1,86.7,59.8,93.6,98.0,13.8,47.6,44.5,39.9,50.6,120.9,15.3,61.4,76.7,43.0,14.1,14.1,13.8,33.7,201.0,163.4,94.3,398.8,400.4,398.8,23.0,2.4,0.0,400.4,False,Scrambled
67,1132101,15,1,2024,Milwaukee Bucks,MIL,0,1,155.8,20000015,19771,9,BOS,2023-11-22T00:00:00,2023-11-22T19:30:00,AWAY,True,20019771,20000009,2023-11-25T04:00:12,1,337.3,368,0,69.0,154.9,68.4,79.0,49.1,102.8,73.3,19.9,52.2,58.6,19.9,26.1,117.4,19.9,52.2,72.1,35.3,13.8,4.7,13.8,29.1,177.9,166.4,82.1,354.2,360.1,354.2,-23.0,2.4,0.0,360.1,False,Scrambled
68,1130857,15,1,2024,Milwaukee Bucks,MIL,1,0,155.1,20000015,19762,1,WAS,2023-11-20T00:00:00,2023-11-20T19:00:00,AWAY,True,20019762,20000001,2023-11-23T04:00:10,1,402.7,368,0,84.4,144.2,89.7,97.9,67.5,99.7,103.9,16.9,44.5,58.1,32.2,43.0,115.0,24.5,59.8,84.4,50.6,7.1,14.1,19.9,19.9,217.8,163.1,102.3,416.5,427.6,416.5,99.7,2.4,0.0,427.6,False,Scrambled
69,1129726,15,1,2024,Milwaukee Bucks,MIL,1,0,159.8,20000015,19748,25,DAL,2023-11-18T00:00:00,2023-11-18T20:00:00,HOME,True,20019748,20000025,2023-11-21T04:00:09,1,369.2,368,0,75.2,144.2,79.9,94.6,49.1,75.2,100.2,26.1,69.0,58.0,26.1,30.7,130.4,11.8,55.2,62.9,44.5,12.3,7.1,14.1,24.5,202.5,157.7,98.3,386.1,394.6,386.1,53.7,4.7,0.0,394.6,False,Scrambled
70,1128855,15,1,2024,Milwaukee Bucks,MIL,1,0,157.1,20000015,19559,2,CHA,2023-11-17T00:00:00,2023-11-17T19:00:00,AWAY,True,20019559,20000002,2023-11-20T04:00:10,1,377.1,368,0,75.2,136.5,84.5,103.4,41.4,67.5,94.2,33.7,69.0,75.0,15.3,19.9,118.0,9.4,69.0,75.2,49.1,9.4,10.7,19.9,32.2,199.4,145.3,105.5,393.9,407.7,393.9,237.8,0.0,0.0,407.7,False,Scrambled
71,1127842,15,1,2024,Milwaukee Bucks,MIL,1,0,146.2,20000015,19738,10,TOR,2023-11-15T00:00:00,2023-11-15T19:30:00,AWAY,True,20019738,20000010,2023-11-18T04:00:08,1,361.6,368,0,67.5,130.4,79.5,97.4,36.8,70.6,80.1,30.7,59.8,78.7,30.7,32.2,146.0,13.8,49.1,62.9,38.4,12.3,13.8,19.9,38.4,196.4,144.6,104.5,387.6,392.3,387.6,122.7,2.4,0.0,392.3,False,Scrambled
72,1126755,15,1,2024,Milwaukee Bucks,MIL,1,0,148.1,20000015,19733,11,CHI,2023-11-13T00:00:00,2023-11-13T20:00:00,HOME,True,20019733,20000011,2023-11-16T04:00:12,1,333.0,368,0,64.4,136.5,72.4,86.2,41.4,64.4,98.6,23.0,72.1,48.9,29.1,41.4,108.0,19.9,61.4,81.3,35.3,7.1,11.8,23.0,35.3,181.0,154.7,89.6,345.3,364.7,345.3,69.0,4.7,0.0,364.7,False,Scrambled
73,1125401,15,1,2024,Milwaukee Bucks,MIL,0,1,148.7,20000015,19716,5,ORL,2023-11-11T00:00:00,2023-11-11T18:00:00,AWAY,True,20019716,20000005,2023-11-14T05:48:12,1,289.5,368,0,58.3,118.1,75.8,83.6,44.5,73.6,92.7,13.8,44.5,47.6,18.4,38.4,73.6,11.8,47.6,55.2,38.4,13.8,14.1,29.1,36.8,148.8,135.0,84.5,312.5,316.0,312.5,-115.0,2.4,0.0,316.0,False,Scrambled
74,1124331,15,1,2024,Milwaukee Bucks,MIL,0,1,158.0,20000015,19714,13,IND,2023-11-09T00:00:00,2023-11-09T19:00:00,AWAY,True,20019714,20000013,2023-11-12T04:00:09,1,330.9,368,0,70.6,133.5,81.1,88.2,56.8,92.0,94.6,13.8,41.4,51.1,35.3,39.9,135.8,11.8,55.2,62.9,35.3,14.1,11.8,21.5,29.1,190.2,151.0,96.5,347.8,354.0,347.8,-15.3,2.4,0.0,354.0,False,Scrambled
75,1123556,15,1,2024,Milwaukee Bucks,MIL,1,0,164.6,20000015,19708,14,DET,2023-11-08T00:00:00,2023-11-08T20:00:00,HOME,True,20019708,20000014,2023-11-11T04:00:12,1,324.7,368,0,62.9,138.1,70.0,78.4,46.0,81.3,86.8,16.9,56.8,45.6,41.4,49.1,129.5,11.8,47.6,55.2,29.1,12.3,10.7,15.3,27.6,184.1,159.7,88.5,347.8,343.6,347.8,15.3,0.0,0.0,343.6,False,Scrambled
76,1122674,15,1,2024,Milwaukee Bucks,MIL,1,0,155.8,20000015,19692,8,BKN,2023-11-06T00:00:00,2023-11-06T19:30:00,AWAY,True,20019692,20000008,2023-11-09T05:37:35,1,355.3,367,64,70.6,147.3,73.5,86.2,46.0,73.6,95.9,24.5,73.6,51.1,32.2,36.8,134.2,18.4,55.2,73.6,39.9,14.1,4.7,15.3,19.9,197.9,163.5,93.0,367.5,381.2,367.5,29.1,2.4,0.0,381.2,False,Scrambled
77,1120610,15,1,2024,Milwaukee Bucks,MIL,1,0,150.2,20000015,19534,6,NY,2023-11-03T00:00:00,2023-11-03T19:30:00,HOME,True,20019534,20000006,2023-11-06T04:00:11,1,327.0,368,0,53.7,125.8,65.5,84.2,23.0,66.0,53.5,30.7,59.8,78.7,30.7,43.0,109.5,10.7,52.2,62.9,36.8,14.1,15.3,21.5,24.5,168.7,144.7,89.3,351.6,356.3,351.6,38.4,0.0,0.0,356.3,False,Scrambled
78,1119354,15,1,2024,Milwaukee Bucks,MIL,0,1,146.6,20000015,19659,10,TOR,2023-11-01T00:00:00,2023-11-01T19:00:00,AWAY,True,20019659,20000010,2023-11-04T04:00:10,1,282.7,368,0,53.7,116.6,70.7,84.8,33.7,64.4,80.4,19.9,52.2,58.6,43.0,58.3,113.1,10.7,33.7,44.5,29.1,13.8,4.7,18.4,26.1,170.3,142.2,92.0,299.6,304.1,299.6,-145.7,0.0,0.0,304.1,False,Scrambled
79,1118204,15,1,2024,Milwaukee Bucks,MIL,1,0,155.6,20000015,19650,4,MIA,2023-10-30T00:00:00,2023-10-30T20:00:00,HOME,True,20019650,20000004,2023-11-02T04:00:12,1,339.9,368,0,67.5,133.5,77.6,88.2,49.1,76.7,98.2,18.4,56.8,49.7,33.7,46.0,112.4,13.8,52.2,66.0,36.8,12.3,11.8,21.5,35.3,187.1,153.7,93.6,359.9,363.2,359.9,61.4,0.0,0.0,363.2,False,Scrambled
80,1117837,15,1,2024,Milwaukee Bucks,MIL,0,1,158.3,20000015,19640,3,ATL,2023-10-29T00:00:00,2023-10-29T19:00:00,HOME,True,20019640,20000003,2023-11-01T04:00:17,1,295.8,368,0,59.8,131.9,69.5,83.9,35.3,64.4,84.1,24.5,67.5,55.8,24.5,30.7,122.7,18.4,41.4,59.8,33.7,15.3,7.1,35.3,33.7,168.7,145.4,88.8,315.7,331.0,315.7,-130.4,2.4,0.0,331.0,False,Scrambled
81,1115906,15,1,2024,Milwaukee Bucks,MIL,1,0,156.0,20000015,19607,7,PHI,2023-10-26T00:00:00,2023-10-26T19:30:00,HOME,True,20019607,20000007,2023-10-31T04:40:06,1,324.6,368,0,62.9,124.3,77.6,87.1,46.0,78.2,90.2,16.9,46.0,56.3,38.4,55.2,106.5,12.3,53.7,66.0,30.7,13.8,9.4,21.5,35.3,181.0,148.6,93.3,344.5,349.4,344.5,11.8,2.4,0.0,349.4,False,Scrambled
